"Path","Platform","Compiled","Cooked","Permutations","Compiletime","CompiledDouble","CookedDouble"
"Globals","0","3436","0","1","0.000000","0","0"
"/InterchangeAssets/gltf/M_ClearCoat.M_ClearCoat","0","118","136","6","0.000000","0","136"
"/InterchangeAssets/gltf/M_Default.M_Default","0","222","238","13","139.001465","0","238"
"/Game/materials/MasterMaterial/MasterMaterial.MasterMaterial","0","3","3","1","2.438008","0","3"
"/InterchangeAssets/gltf/M_Unlit.M_Unlit","0","90","100","6","0.000000","0","100"
"/SpeedTreeImporter/SpeedTree9/SpeedTreeMaster.SpeedTreeMaster","0","28","32","1","0.000000","0","32"
"/SpeedTreeImporter/SpeedTree9/SpeedTreeBillboardMaster.SpeedTreeBillboardMaster","0","28","32","1","0.000000","0","32"
"/InterchangeAssets/gltf/M_SpecularGlossiness.M_SpecularGlossiness","0","110","120","6","0.000000","0","120"
"/InterchangeAssets/gltf/M_Transmission.M_Transmission","0","36","36","2","0.000000","0","36"
"/InterchangeAssets/gltf/M_Sheen.M_Sheen","0","110","120","6","0.000000","0","120"
"/Engine/EngineMaterials/Widget3DPassThrough.Widget3DPassThrough","0","45","50","6","199.732391","1","50"
"/Paper2D/DefaultSpriteMaterial.DefaultSpriteMaterial","0","36","42","2","0.000000","0","42"
"/Engine/EditorLandscapeResources/MaskBrushMaterial.MaskBrushMaterial","0","5","5","1","6.772389","1","5"
"/Engine/VREditor/SnapGrid/SnapGridMaterial.SnapGridMaterial","0","14","14","1","25.549446","0","14"
"/Game/DESCARGAS/OldWest/Shared/Materials/MM_MasterMaterial_01a.MM_MasterMaterial_01a","0","6","6","2","11.005113","0","6"
"/Game/DESCARGAS/Deko_MatrixDemo/Shared/Material/Masters/MM_Master_01.MM_Master_01","0","6","6","2","29.698893","0","6"
"/Game/LevelPrototyping/Materials/M_PrototypeGrid.M_PrototypeGrid","0","3","3","1","0.000000","0","3"
"/Game/DetectiveOffice/Material/M_Basic1.M_Basic1","0","60","69","2","82.482788","0","48"
"/Game/Characters/Mannequins/Materials/M_Mannequin.M_Mannequin","0","56","64","2","0.000000","0","64"
"/Engine/EditorLandscapeResources/LandscapeLayerUsageMaterial.LandscapeLayerUsageMaterial","0","2","2","1","1.828134","0","2"
"/HairStrands/Materials/HairDebugMaterial.HairDebugMaterial","0","57","63","1","0.000000","0","63"
"/ControlRig/M_Manip.M_Manip","0","8","9","1","0.000000","0","9"
"/Engine/EditorLandscapeResources/SelectBrushMaterial.SelectBrushMaterial","0","10","10","2","5.899370","0","10"
"/Engine/EngineMaterials/WorldGridMaterial.WorldGridMaterial","0","609","0","1","0.000000","0","0"
"/Engine/VREditor/TransformGizmo/Xray.Xray","0","3","3","1","0.000000","0","3"
"/HairStrands/Materials/HairDefaultMaterial.HairDefaultMaterial","0","33","36","1","0.000000","0","36"
"/HairStrands/Materials/HairCardsDefaultMaterial.HairCardsDefaultMaterial","0","57","63","1","0.000000","0","63"
"/Engine/VREditor/TransformGizmo/TransformGizmoMaterial.TransformGizmoMaterial","0","2","2","1","1.436898","0","2"
"/HairStrands/Materials/HairMeshesDefaultMaterial.HairMeshesDefaultMaterial","0","33","36","1","0.000000","0","36"
"/CameraCalibrationCore/Materials/M_DefaultOddSquare.M_DefaultOddSquare","0","4","4","1","0.000000","0","4"
"/CameraCalibrationCore/Materials/M_DefaultEvenSquare.M_DefaultEvenSquare","0","4","4","1","0.000000","0","4"
"/ControlRig/Controls/ControlRigXRayMaterial.ControlRigXRayMaterial","0","8","9","1","0.000000","0","9"
"/Engine/EngineMaterials/RemoveSurfaceMaterial.RemoveSurfaceMaterial","0","2","2","1","0.000000","0","2"
"/Engine/EngineDebugMaterials/DebugMeshMaterial.DebugMeshMaterial","0","7","7","1","0.886940","0","7"
"/Game/DESCARGAS/HABITACIONES/Habitaciones_assetsvarios/commod-low-poly-game-ready/source/commod.commod","0","3","3","1","1.719662","0","3"
"/Game/DESCARGAS/HABITACIONES/Habitaciones_assetsvarios/lapo-s/source/Lapo.Lapo","0","3","3","1","0.000000","0","3"
"/ControlRig/Controls/ControlRigGizmoMaterial.ControlRigGizmoMaterial","0","2","2","1","0.000000","0","2"
"/Game/DESCARGAS/HABITACIONES/habitacion_infancia/zoologic-shelving/source/Material_024.Material_024","0","3","3","1","0.905636","0","3"
"/Game/DESCARGAS/HABITACIONES/habitacion_infancia/zoologic-shelving/source/Material_025.Material_025","0","3","3","1","1.330880","0","3"
"/Game/DESCARGAS/HABITACIONES/habitacion_infancia/zoologic-shelving/source/Material_026.Material_026","0","3","3","1","0.000000","0","3"
"/Game/DESCARGAS/HABITACIONES/habitacion_infancia/zoologic-shelving/source/Material_027.Material_027","0","3","3","1","0.000000","0","3"
"/Game/DESCARGAS/HABITACIONES/habitacion_infancia/zoologic-shelving/source/Material_028.Material_028","0","3","3","1","0.000000","0","3"
"/Game/DESCARGAS/HABITACIONES/habitacion_infancia/zoologic-shelving/source/Material_029.Material_029","0","3","3","1","0.000000","0","3"
"/Game/DESCARGAS/HABITACIONES/habitacion_infancia/zoologic-shelving/source/Material_030.Material_030","0","3","3","1","0.000000","0","3"
"/Game/DESCARGAS/HABITACIONES/habitacion_infancia/zoologic-shelving/source/Material_031.Material_031","0","3","3","1","0.000000","0","3"
"/Game/DESCARGAS/HABITACIONES/habitacion_infancia/zoologic-shelving/source/Material_032.Material_032","0","3","3","1","0.000000","0","3"
"/Game/DESCARGAS/HABITACIONES/habitacion_infancia/zoologic-shelving/source/Material_033.Material_033","0","3","3","1","0.000000","0","3"
"/Game/DESCARGAS/HABITACIONES/habitacion_infancia/zoologic-shelving/source/Material_066.Material_066","0","3","3","1","0.000000","0","3"
"/Game/DESCARGAS/HABITACIONES/habitacion_infancia/zoologic-shelving/source/Material__145.Material__145","0","3","3","1","1.870917","0","3"
"/Game/DESCARGAS/RADIO/PARLANTE.PARLANTE","0","3","3","1","0.000000","0","3"
"/Game/DESCARGAS/RADIO/MARCA.MARCA","0","3","3","1","0.000000","0","3"
"/MovieRenderPipeline/Materials/MovieRenderQueue_WorldDepth.MovieRenderQueue_WorldDepth","0","5","5","1","1.047701","0","5"
"/Game/DESCARGAS/HABITACIONES/habitacion_infancia/zoologic-shelving/source/Material_023.Material_023","0","3","3","1","0.000000","0","3"
"/Game/DESCARGAS/HABITACIONES/habitacion_infancia/zoologic-shelving/source/Material_022.Material_022","0","3","3","1","0.000000","0","3"
"/Game/DESCARGAS/HABITACIONES/habitacion_infancia/zoologic-shelving/source/Material_021.Material_021","0","3","3","1","0.000000","0","3"
"/Game/DESCARGAS/HABITACIONES/habitacion_infancia/zoologic-shelving/source/Material_020.Material_020","0","3","3","1","0.000000","0","3"
"/Game/DESCARGAS/HABITACIONES/habitacion_infancia/zoologic-shelving/source/Material_007.Material_007","0","3","3","1","0.000000","0","3"
"/Game/DESCARGAS/HABITACIONES/habitacion_infancia/zoologic-shelving/source/Material_006.Material_006","0","3","3","1","0.000000","0","3"
"/Game/DESCARGAS/HABITACIONES/habitacion_infancia/zoologic-shelving/source/Material_005.Material_005","0","3","3","1","0.000000","0","3"
"/Game/DESCARGAS/RADIO/CUERPO_PARLANTE.CUERPO_PARLANTE","0","3","3","1","0.000000","0","3"
"/Game/DESCARGAS/RADIO/BOTONES.BOTONES","0","3","3","1","0.000000","0","3"
"/Game/DESCARGAS/RADIO/BOTON.BOTON","0","3","3","1","0.000000","0","3"
"/Game/DESCARGAS/RADIO/BORDE_PARLANTE.BORDE_PARLANTE","0","3","3","1","0.000000","0","3"
"/Game/DESCARGAS/RADIO/PERILLA_METAL.PERILLA_METAL","0","3","3","1","0.000000","0","3"
"/Engine/EngineSky/VolumetricClouds/m_SimpleVolumetricCloud.m_SimpleVolumetricCloud","0","90","90","1","5.279175","0","90"
"/Game/DESCARGAS/coat-rack/textures/Material_001.Material_001","0","3","3","1","0.000000","0","3"
"/Game/DESCARGAS/HABITACIONES/habitacion_infancia/color-pencil-collection/source/Material_001.Material_001","0","3","3","1","0.000000","0","3"
"/Game/DESCARGAS/HABITACIONES/habitacion_infancia/color-pencil-collection/source/Material_003.Material_003","0","3","3","1","0.000000","0","3"
"/Game/DESCARGAS/HABITACIONES/habitacion_infancia/color-pencil-collection/source/Material_004.Material_004","0","3","3","1","0.000000","0","3"
"/Game/DESCARGAS/HABITACIONES/habitacion_infancia/color-pencil-collection/source/Material_005.Material_005","0","3","3","1","0.000000","0","3"
"/Game/DESCARGAS/HABITACIONES/habitacion_infancia/color-pencil-collection/source/Material_006.Material_006","0","3","3","1","0.000000","0","3"
"/Game/DESCARGAS/HABITACIONES/habitacion_infancia/color-pencil-collection/source/Material_008.Material_008","0","3","3","1","0.000000","0","3"
"/Game/DESCARGAS/HABITACIONES/habitacion_infancia/color-pencil-collection/source/Material_009.Material_009","0","3","3","1","0.000000","0","3"
"/Game/DESCARGAS/HABITACIONES/habitacion_infancia/color-pencil-collection/source/Material_012.Material_012","0","3","3","1","0.000000","0","3"
"/Game/DESCARGAS/HABITACIONES/habitacion_infancia/color-pencil-collection/source/Material_010.Material_010","0","3","3","1","0.000000","0","3"
"/Game/DESCARGAS/control_tv/Material__7.Material__7","0","3","3","1","0.000000","0","3"
"/Game/DESCARGAS/HABITACIONES/habitacion_infancia/buzz-toy/source/Box2SG.Box2SG","0","3","3","1","0.000000","0","3"
"/Game/DESCARGAS/HABITACIONES/habitacion_infancia/toy-castle/source/lambert2.lambert2","0","3","3","1","1.695466","0","3"
"/Game/DESCARGAS/HABITACIONES/Habitaci?n_identidad/marilyn-monroe-hair/HairMatAniso_mesh.HairMatAniso_mesh","0","3","3","1","1.818869","0","3"
"/Game/DESCARGAS/HABITACIONES/habitacion_infancia/color-pencil-collection/source/Material_002.Material_002","0","3","3","1","1.721763","0","3"
"/Game/DESCARGAS/HABITACIONES/habitacion_infancia/color-pencil-collection/source/Material_007.Material_007","0","3","3","1","1.772768","0","3"
"/Game/DESCARGAS/HABITACIONES/habitacion_infancia/toy-castle/source/lambert3.lambert3","0","3","3","1","1.866505","0","3"
"/Game/DESCARGAS/HABITACIONES/habitacion_infancia/toy-castle/source/lambert4.lambert4","0","3","3","1","1.713585","0","3"
"/Game/DESCARGAS/HABITACIONES/habitacion_infancia/toy-castle/source/lambert5.lambert5","0","3","3","1","1.729397","0","3"
"/Game/DESCARGAS/HABITACIONES/habitacion_encuentro/candles/source/Amber.Amber","0","3","3","1","1.818780","0","3"
"/Game/DESCARGAS/HABITACIONES/habitacion_encuentro/candles/source/Fire.Fire","0","3","3","1","1.698864","0","3"
"/Game/DESCARGAS/HABITACIONES/habitacion_encuentro/candles/source/pasted__Amber.pasted__Amber","0","3","3","1","1.847912","0","3"
"/Game/DESCARGAS/HABITACIONES/habitacion_encuentro/candles/source/pasted__Amber1.pasted__Amber1","0","3","3","1","1.764133","0","3"
"/Game/DESCARGAS/HABITACIONES/habitacion_encuentro/candles/source/pasted__Fire.pasted__Fire","0","3","3","1","1.765184","0","3"
"/Game/DESCARGAS/HABITACIONES/habitacion_encuentro/candles/source/pasted__Fire1.pasted__Fire1","0","3","3","1","1.745793","0","3"
"/Game/DESCARGAS/HABITACIONES/habitacion_encuentro/candles/source/pasted__pasted__Amber.pasted__pasted__Amber","0","3","3","1","1.848705","0","3"
"/Game/DESCARGAS/HABITACIONES/habitacion_encuentro/candles/source/pasted__pasted__Fire.pasted__pasted__Fire","0","3","3","1","1.765357","0","3"
"/Game/DESCARGAS/HABITACIONES/habitacion_encuentro/candles/source/pasted__pasted__Wax.pasted__pasted__Wax","0","3","3","1","1.760508","0","3"
"/Game/DESCARGAS/HABITACIONES/habitacion_encuentro/candles/source/pasted__Wax.pasted__Wax","0","3","3","1","1.856602","0","3"
"/Game/DESCARGAS/HABITACIONES/habitacion_encuentro/candles/source/pasted__Wax1.pasted__Wax1","0","3","3","1","1.987380","0","3"
"/Game/DESCARGAS/HABITACIONES/habitacion_encuentro/candles/source/Wax.Wax","0","3","3","1","1.816614","0","3"
"/Game/DESCARGAS/HABITACIONES/habitacion_encuentro/minibar/source/Metal_Rough_Black_10mm_Circular_Mesh.Metal_Rough_Black_10mm_Circular_Mesh","0","3","3","1","0.000000","0","3"
"/Game/DESCARGAS/HABITACIONES/habitacion_encuentro/minibar/source/Metal_Rough_Black_10mm_Circular_Mesh_ncl_1.Metal_Rough_Black_10mm_Circular_Mesh_ncl_1","0","3","3","1","1.792485","0","3"
"/Game/DESCARGAS/HABITACIONES/habitacion_encuentro/minibar/source/Paint_Matte_Black.Paint_Matte_Black","0","3","3","1","1.736560","0","3"
"/Game/DESCARGAS/HABITACIONES/habitacion_encuentro/minibar/source/Paint_Matte_Black_ncl_8.Paint_Matte_Black_ncl_8","0","3","3","1","0.000000","0","3"
"/Game/DESCARGAS/HABITACIONES/habitacion_encuentro/minibar/source/Paint_Matte_Black_ncl_7.Paint_Matte_Black_ncl_7","0","3","3","1","0.000000","0","3"
"/Game/DESCARGAS/HABITACIONES/habitacion_encuentro/minibar/source/Paint_Matte_Black_ncl_6.Paint_Matte_Black_ncl_6","0","3","3","1","0.000000","0","3"
"/Game/DESCARGAS/HABITACIONES/habitacion_encuentro/minibar/source/Paint_Matte_Black_ncl_5.Paint_Matte_Black_ncl_5","0","3","3","1","0.000000","0","3"
"/Game/DESCARGAS/HABITACIONES/habitacion_encuentro/minibar/source/Paint_Matte_Black_ncl_4.Paint_Matte_Black_ncl_4","0","3","3","1","0.000000","0","3"
"/Game/DESCARGAS/HABITACIONES/habitacion_encuentro/minibar/source/Paint_Matte_Black_ncl_3.Paint_Matte_Black_ncl_3","0","3","3","1","0.000000","0","3"
"/Game/DESCARGAS/HABITACIONES/habitacion_encuentro/minibar/source/Paint_Matte_Black_ncl_2.Paint_Matte_Black_ncl_2","0","3","3","1","0.000000","0","3"
"/Game/DESCARGAS/HABITACIONES/habitacion_encuentro/minibar/source/Paint_Matte_Black_ncl_1.Paint_Matte_Black_ncl_1","0","3","3","1","0.000000","0","3"
"/Game/DESCARGAS/mesa_de_luz/Vase_Glass.Vase_Glass","0","3","3","1","1.839360","0","3"
"/Game/DESCARGAS/HABITACIONES/Habitaci?n_identidad/old-man-shoes/head.head","0","3","3","1","0.000000","0","3"
"/Game/DESCARGAS/HABITACIONES/Habitaci?n_identidad/heart-jewelry/source/Mat_7.Mat_7","0","3","3","1","1.736062","0","3"
"/Game/DESCARGAS/HABITACIONES/Habitaci?n_identidad/heart-jewelry/source/Mat_6.Mat_6","0","3","3","1","0.000000","0","3"
"/Game/DESCARGAS/HABITACIONES/Habitaci?n_identidad/heart-jewelry/source/Mat_5.Mat_5","0","3","3","1","0.000000","0","3"
"/Game/DESCARGAS/HABITACIONES/Habitaci?n_identidad/heart-jewelry/source/Mat_4.Mat_4","0","3","3","1","0.000000","0","3"
"/Game/DESCARGAS/HABITACIONES/Habitaci?n_identidad/heart-jewelry/source/Mat_3.Mat_3","0","3","3","1","0.000000","0","3"
"/Game/DESCARGAS/HABITACIONES/Habitaci?n_identidad/heart-jewelry/source/Mat_2.Mat_2","0","3","3","1","0.000000","0","3"
"/Game/DESCARGAS/HABITACIONES/habitacion_encuentro/foto_polaroid/Frame_blinn2SG.Frame_blinn2SG","0","3","3","1","0.000000","0","3"
"/Game/DESCARGAS/HABITACIONES/habitacion_infancia/color-pencil-collection/source/Material_011.Material_011","0","3","3","1","1.920625","0","3"
"/Game/DESCARGAS/HABITACIONES/habitacion_infancia/color-pencil-collection/source/Material.Material","0","3","3","1","1.804558","0","3"
"/Game/DESCARGAS/HABITACIONES/habitacion_encuentro/free-pothos-potted-plant-money-plant/source/WOODEN_LEGS_POT.WOODEN_LEGS_POT","0","3","3","1","2.396097","0","3"
"/Game/DESCARGAS/HABITACIONES/habitacion_encuentro/free-pothos-potted-plant-money-plant/source/POTHOS_Mat.POTHOS_Mat","0","3","3","1","2.557060","0","3"
"/Game/DESCARGAS/HABITACIONES/habitacion_encuentro/minibar/source/Light_Oak1.Light_Oak1","0","3","3","1","2.587906","0","3"
"/Game/DESCARGAS/lip-stick/textures/lakeme.lakeme","0","3","3","1","1.706296","0","3"
"/Game/DESCARGAS/HABITACIONES/Habitaci?n_identidad/3ce-face-blush-unusual-day/sticker_sew1.sticker_sew1","0","3","3","1","1.780494","0","3"
"/Game/DESCARGAS/HABITACIONES/Habitaciones_assetsvarios/Tree_S1/grt1.grt1","0","3","3","1","0.000000","0","3"
"/Game/DESCARGAS/HABITACIONES/Habitaciones_assetsvarios/Tree_S1/M_06___Default1.M_06___Default1","0","3","3","1","0.000000","0","3"
"/Game/DESCARGAS/HABITACIONES/Habitaciones_assetsvarios/Tree_S1/TEXTURE11.TEXTURE11","0","3","3","1","0.000000","0","3"
"/Game/DESCARGAS/HABITACIONES/habitacion_infancia/sketchbook-variant-of-a-sad-child/source/Sketchbook_sadchild/sketchbook_backface.sketchbook_backface","0","3","3","1","1.551854","0","3"
"/Game/DESCARGAS/HABITACIONES/habitacion_infancia/sketchbook-variant-of-a-sad-child/source/Sketchbook_sadchild/sketchbook.sketchbook","0","3","3","1","1.083229","0","3"
"/Game/DESCARGAS/HABITACIONES/Habitaci?n_identidad/wallet/notes_1_lambert.notes_1_lambert","0","3","3","1","0.000000","0","3"
"/Game/DESCARGAS/cama/colchon.colchon","0","3","3","1","1.984726","0","3"
"/Game/DESCARGAS/cama/frazada.frazada","0","3","3","1","1.792208","0","3"
"/Game/DESCARGAS/nike/source/finalized/tex_u1_v1.tex_u1_v1","0","3","3","1","2.604656","0","3"
"/Engine/EngineMaterials/DefaultTextMaterialOpaque.DefaultTextMaterialOpaque","0","14","16","1","10.314216","0","16"
"/Game/DESCARGAS/HABITACIONES/Habitaci?n_identidad/light-brown-hair-wig/PELUCA.PELUCA","0","3","3","1","0.000000","0","3"
"/Game/DESCARGAS/HABITACIONES/Habitaci?n_identidad/wrapped-flower-bouquet/textures/Sepals1.Sepals1","0","3","3","1","0.000000","0","3"
"/Game/DESCARGAS/HABITACIONES/Habitaci?n_identidad/wrapped-flower-bouquet/textures/Sepals2.Sepals2","0","3","3","1","0.000000","0","3"
"/Game/DESCARGAS/laptop/laptopmaterial.laptopmaterial","0","3","3","1","0.000000","0","3"
"/Game/DESCARGAS/HABITACIONES/Habitaci?n_identidad/leather-purse/purse.purse","0","3","3","1","0.000000","0","3"
"/Engine/EditorLandscapeResources/LayerVisMaterial.LayerVisMaterial","0","2","2","1","1.526915","0","2"
"/Game/DESCARGAS/HABITACIONES/Habitaci?n_identidad/3ce-face-blush-unusual-day/3CE61.3CE61","0","3","3","1","0.000000","0","3"
"/Game/DESCARGAS/HABITACIONES/habitacion_infancia/buzz-toy/source/BuzzBaked.BuzzBaked","0","3","3","1","0.000000","0","3"
"/Game/DESCARGAS/hanging-shirt-by-camille-kleinman/source/Shirt_Dolman_Shirt_by_CG_Elves/Shirt_Dolman_39kpolys/Material1513820.Material1513820","0","8","8","1","26.317991","0","8"
"/Game/DESCARGAS/hanging-shirt-by-camille-kleinman/source/Shirt_Dolman_Shirt_by_CG_Elves/Shirt_Dolman_39kpolys/Material1513823.Material1513823","0","8","8","1","0.000000","0","8"
"/Game/DESCARGAS/HABITACIONES/Habitaci?n_identidad/3ce-face-blush-mono-pink/3CE61.3CE61","0","3","3","1","0.000000","0","3"
"/Game/DESCARGAS/HABITACIONES/Habitaci?n_identidad/3ce-face-blush-mono-pink/sticker_sew1.sticker_sew1","0","3","3","1","0.000000","0","3"
"/Game/DESCARGAS/HABITACIONES/habitacion_encuentro/bar-with-bottles/source/etiketks.etiketks","0","3","3","1","0.000000","0","3"
"/Game/DESCARGAS/HABITACIONES/habitacion_encuentro/bar-with-bottles/source/glass.glass","0","3","3","1","0.000000","0","3"
"/Game/DESCARGAS/HABITACIONES/habitacion_encuentro/bar-with-bottles/source/glassbilel.glassbilel","0","3","3","1","0.000000","0","3"
"/Game/DESCARGAS/HABITACIONES/habitacion_encuentro/bar-with-bottles/source/kriwki.kriwki","0","3","3","1","0.000000","0","3"
"/Game/DESCARGAS/HABITACIONES/habitacion_encuentro/bar-with-bottles/source/polka.polka","0","3","3","1","0.000000","0","3"
"/Game/DESCARGAS/pile-of-clothes/source/tex_u1_v1.tex_u1_v1","0","3","3","1","0.000000","0","3"
"/Game/DESCARGAS/HABITACIONES/Habitaci?n_identidad/wallet/notes_2_lambert.notes_2_lambert","0","3","3","1","0.000000","0","3"
"/Game/DESCARGAS/HABITACIONES/Habitaci?n_identidad/wallet/notes_3_lambert.notes_3_lambert","0","3","3","1","0.000000","0","3"
"/Game/DESCARGAS/HABITACIONES/Habitaci?n_identidad/wallet/notes_4_lambert.notes_4_lambert","0","3","3","1","0.000000","0","3"
"/Game/DESCARGAS/HABITACIONES/habitacion_infancia/wood-closet-doors-closed/source/Closet_Closed/standardSurface1.standardSurface1","0","3","3","1","1.811657","0","3"
"/Game/DESCARGAS/HABITACIONES/Habitaci?n_identidad/dior-handbag/Stitches_Mat.Stitches_Mat","0","3","3","1","0.000000","0","3"
"/Game/DESCARGAS/HABITACIONES/Habitaci?n_identidad/cosmetic-serum-bottle/Material_002.Material_002","0","3","3","1","0.000000","0","3"
"/Game/DESCARGAS/HABITACIONES/habitacion_infancia/box-of-toys/source/aiToon3.aiToon3","0","3","3","1","0.000000","0","3"
"/Game/DESCARGAS/HABITACIONES/habitacion_infancia/box-of-toys/source/aiToon6.aiToon6","0","3","3","1","0.000000","0","3"
"/Game/DESCARGAS/HABITACIONES/habitacion_infancia/box-of-toys/source/aiToon7.aiToon7","0","3","3","1","0.000000","0","3"
"/Game/DESCARGAS/HABITACIONES/habitacion_infancia/box-of-toys/source/aiToonBase.aiToonBase","0","3","3","1","0.000000","0","3"
"/Game/DESCARGAS/HABITACIONES/habitacion_infancia/box-of-toys/source/aiToon4.aiToon4","0","3","3","1","0.000000","0","3"
"/Game/DESCARGAS/HABITACIONES/habitacion_infancia/box-of-toys/source/aiToonetch.aiToonetch","0","3","3","1","0.000000","0","3"
"/Game/DESCARGAS/HABITACIONES/habitacion_encuentro/rita-floor-lamp-brass-and-marble/source/BRASS.BRASS","0","3","3","1","0.000000","0","3"
"/Game/DESCARGAS/HABITACIONES/habitacion_encuentro/rita-floor-lamp-brass-and-marble/source/LAMP_SHADE.LAMP_SHADE","0","3","3","1","0.000000","0","3"
"/Game/DESCARGAS/HABITACIONES/habitacion_encuentro/rita-floor-lamp-brass-and-marble/source/LIGHT_BULB.LIGHT_BULB","0","3","3","1","0.000000","0","3"
"/Game/DESCARGAS/HABITACIONES/habitacion_encuentro/rita-floor-lamp-brass-and-marble/source/MARBLE.MARBLE","0","3","3","1","0.000000","0","3"
"/Game/DESCARGAS/HABITACIONES/Habitaci?n_identidad/heart-jewelry/source/Mat_1.Mat_1","0","3","3","1","1.746109","0","3"
"/Game/DESCARGAS/HABITACIONES/Habitaci?n_identidad/heart-jewelry/source/Mat.Mat","0","3","3","1","0.000000","0","3"
"/Game/DESCARGAS/HABITACIONES/Habitaci?n_identidad/woman-shoes-3d-design-exercise/6_-_Laminado_negro.6_-_Laminado_negro","0","3","3","1","0.000000","0","3"
"/Game/DESCARGAS/HABITACIONES/Habitaci?n_identidad/woman-shoes-3d-design-exercise/black_ncl_1.black_ncl_1","0","3","3","1","0.000000","0","3"
"/Game/DESCARGAS/HABITACIONES/Habitaci?n_identidad/woman-shoes-3d-design-exercise/gold_yellow.gold_yellow","0","3","3","1","0.000000","0","3"
"/Game/DESCARGAS/HABITACIONES/Habitaci?n_identidad/woman-shoes-3d-design-exercise/padded_geo.padded_geo","0","3","3","1","0.000000","0","3"
"/Game/DESCARGAS/HABITACIONES/Habitaci?n_identidad/woman-shoes-3d-design-exercise/scales_black_1.scales_black_1","0","3","3","1","0.000000","0","3"
"/Game/DESCARGAS/HABITACIONES/Habitaci?n_identidad/woman-shoes-3d-design-exercise/scales_black.scales_black","0","3","3","1","0.000000","0","3"
"/Game/DESCARGAS/HABITACIONES/Habitaci?n_identidad/woman-shoes-3d-design-exercise/Suela_Negro.Suela_Negro","0","3","3","1","0.000000","0","3"
"/Game/silla/ASIENTO.ASIENTO","0","3","3","1","0.000000","0","3"
"/Game/silla/PATAS_DE_SILLA.PATAS_DE_SILLA","0","3","3","1","0.000000","0","3"
"/Game/DESCARGAS/cama/cama.cama","0","3","3","1","0.000000","0","3"
"/Game/DESCARGAS/cama/2_alm.2_alm","0","3","3","1","0.000000","0","3"
"/Game/DESCARGAS/ara?a_techo/body.body","0","3","3","1","0.000000","0","3"
"/Game/DESCARGAS/wine-bottle/textures/lambert1.lambert1","0","3","3","1","0.000000","0","3"
"/Game/DESCARGAS/HABITACIONES/Habitaci?n_identidad/wrapped-flower-bouquet/textures/Ribbons1.Ribbons1","0","3","3","1","0.000000","0","3"
"/Game/DESCARGAS/HABITACIONES/Habitaci?n_identidad/wrapped-flower-bouquet/textures/Petals9.Petals9","0","3","3","1","0.000000","0","3"
"/Game/DESCARGAS/HABITACIONES/Habitaci?n_identidad/wrapped-flower-bouquet/textures/Petals8.Petals8","0","3","3","1","0.000000","0","3"
"/Game/DESCARGAS/HABITACIONES/Habitaci?n_identidad/wrapped-flower-bouquet/textures/Petals7.Petals7","0","3","3","1","0.000000","0","3"
"/Game/DESCARGAS/HABITACIONES/Habitaci?n_identidad/wrapped-flower-bouquet/textures/Petals6.Petals6","0","3","3","1","0.000000","0","3"
"/Game/DESCARGAS/HABITACIONES/Habitaci?n_identidad/wrapped-flower-bouquet/textures/Petals5.Petals5","0","3","3","1","0.000000","0","3"
"/Game/DESCARGAS/HABITACIONES/Habitaci?n_identidad/wrapped-flower-bouquet/textures/Petals3.Petals3","0","3","3","1","0.000000","0","3"
"/Game/DESCARGAS/HABITACIONES/Habitaci?n_identidad/wrapped-flower-bouquet/textures/Petals2.Petals2","0","3","3","1","0.000000","0","3"
"/Game/DESCARGAS/HABITACIONES/Habitaci?n_identidad/wrapped-flower-bouquet/textures/Petals14.Petals14","0","3","3","1","0.000000","0","3"
"/Game/DESCARGAS/HABITACIONES/Habitaci?n_identidad/wrapped-flower-bouquet/textures/Petals13.Petals13","0","3","3","1","0.000000","0","3"
"/Game/DESCARGAS/HABITACIONES/Habitaci?n_identidad/wrapped-flower-bouquet/textures/Petals12.Petals12","0","3","3","1","0.000000","0","3"
"/Game/DESCARGAS/HABITACIONES/Habitaci?n_identidad/wrapped-flower-bouquet/textures/Petals11.Petals11","0","3","3","1","0.000000","0","3"
"/Game/DESCARGAS/HABITACIONES/Habitaci?n_identidad/wrapped-flower-bouquet/textures/Petals10.Petals10","0","3","3","1","0.000000","0","3"
"/Game/DESCARGAS/HABITACIONES/Habitaci?n_identidad/wrapped-flower-bouquet/textures/Petals1.Petals1","0","3","3","1","0.000000","0","3"
"/Game/DESCARGAS/HABITACIONES/Habitaci?n_identidad/wrapped-flower-bouquet/textures/Parcel2.Parcel2","0","3","3","1","0.000000","0","3"
"/Game/DESCARGAS/HABITACIONES/Habitaci?n_identidad/wrapped-flower-bouquet/textures/Parcel1.Parcel1","0","3","3","1","0.000000","0","3"
"/Game/DESCARGAS/HABITACIONES/Habitaci?n_identidad/wrapped-flower-bouquet/textures/Leaves9.Leaves9","0","3","3","1","0.000000","0","3"
"/Game/DESCARGAS/HABITACIONES/Habitaci?n_identidad/wrapped-flower-bouquet/textures/Leaves8.Leaves8","0","3","3","1","0.000000","0","3"
"/Game/DESCARGAS/HABITACIONES/Habitaci?n_identidad/wrapped-flower-bouquet/textures/Leaves7.Leaves7","0","3","3","1","0.000000","0","3"
"/Game/DESCARGAS/HABITACIONES/Habitaci?n_identidad/wrapped-flower-bouquet/textures/Leaves6.Leaves6","0","3","3","1","0.000000","0","3"
"/Game/DESCARGAS/HABITACIONES/Habitaci?n_identidad/wrapped-flower-bouquet/textures/Leaves5.Leaves5","0","3","3","1","0.000000","0","3"
"/Game/DESCARGAS/HABITACIONES/Habitaci?n_identidad/wrapped-flower-bouquet/textures/Leaves4.Leaves4","0","3","3","1","0.000000","0","3"
"/Game/DESCARGAS/HABITACIONES/Habitaci?n_identidad/wrapped-flower-bouquet/textures/Leaves3.Leaves3","0","3","3","1","0.000000","0","3"
"/Game/DESCARGAS/HABITACIONES/Habitaci?n_identidad/wrapped-flower-bouquet/textures/Leaves2.Leaves2","0","3","3","1","0.000000","0","3"
"/Game/DESCARGAS/HABITACIONES/Habitaci?n_identidad/wrapped-flower-bouquet/textures/Leaves10.Leaves10","0","3","3","1","0.000000","0","3"
"/Game/DESCARGAS/HABITACIONES/Habitaci?n_identidad/wrapped-flower-bouquet/textures/Leaves1.Leaves1","0","3","3","1","0.000000","0","3"
"/Game/DESCARGAS/HABITACIONES/Habitaci?n_identidad/wrapped-flower-bouquet/textures/SmallPlants1.SmallPlants1","0","3","3","1","0.000000","0","3"
"/Game/DESCARGAS/HABITACIONES/Habitaci?n_identidad/wrapped-flower-bouquet/textures/SmallPlants2.SmallPlants2","0","3","3","1","0.000000","0","3"
"/Game/DESCARGAS/HABITACIONES/Habitaci?n_identidad/wrapped-flower-bouquet/textures/SmallPlants3.SmallPlants3","0","3","3","1","0.000000","0","3"
"/Game/DESCARGAS/HABITACIONES/habitacion_encuentro/whisky/source/Material_002.Material_002","0","3","3","1","0.000000","0","3"
"/Game/DESCARGAS/HABITACIONES/habitacion_encuentro/whisky/source/Material_001.Material_001","0","3","3","1","0.000000","0","3"
"/Game/DESCARGAS/HABITACIONES/habitacion_encuentro/whisky/source/Material_003.Material_003","0","3","3","1","0.000000","0","3"
"/Game/DESCARGAS/psx-style-wardrobe/source/Wardrobe.Wardrobe","0","3","3","1","1.705854","0","3"
"/Game/DESCARGAS/dress/source/Rib_1X1_486gsm_FRONT_2246101.Rib_1X1_486gsm_FRONT_2246101","0","3","3","1","2.559140","0","3"
"/Game/DESCARGAS/HABITACIONES/habitacion_infancia/zoologic-shelving/source/Material_019.Material_019","0","3","3","1","1.796635","0","3"
"/Game/DESCARGAS/HABITACIONES/habitacion_infancia/zoologic-shelving/source/Material_018.Material_018","0","3","3","1","2.046536","0","3"
"/Game/DESCARGAS/HABITACIONES/habitacion_infancia/zoologic-shelving/source/Material_017.Material_017","0","3","3","1","1.749278","0","3"
"/Game/DESCARGAS/HABITACIONES/habitacion_infancia/zoologic-shelving/source/Material__166.Material__166","0","3","3","1","1.978398","0","3"
"/Game/DESCARGAS/psx-style-wardrobe/source/Hanger_Bar.Hanger_Bar","0","3","3","1","2.017148","0","3"
"/Game/DESCARGAS/psx-style-wardrobe/source/Wardrobe_Door_Handle.Wardrobe_Door_Handle","0","3","3","1","1.965784","0","3"
"/Game/DESCARGAS/HABITACIONES/habitacion_infancia/teddy-bears/source/fabric_white.fabric_white","0","6","6","1","4.586157","0","6"
"/Game/DESCARGAS/HABITACIONES/habitacion_infancia/teddy-bears/source/eyes.eyes","0","6","6","1","3.615971","0","6"
"/Game/DESCARGAS/HABITACIONES/habitacion_infancia/teddy-bears/source/fabric_brown.fabric_brown","0","6","6","1","0.000000","0","6"
"/Game/DESCARGAS/HABITACIONES/habitacion_infancia/teddy-bears/source/Material_012.Material_012","0","6","6","1","3.936416","0","6"
"/Game/DESCARGAS/HABITACIONES/habitacion_infancia/teddy-bears/source/Nose_002.Nose_002","0","6","6","1","3.934080","0","6"
"/Game/DESCARGAS/HABITACIONES/habitacion_encuentro/refrigerator/source/reizouko.reizouko","0","3","3","1","1.861788","0","3"
"/Game/DESCARGAS/HABITACIONES/habitacion_encuentro/refrigerator/source/reizouko_ashi.reizouko_ashi","0","3","3","1","1.849606","0","3"
"/Game/DESCARGAS/HABITACIONES/habitacion_encuentro/refrigerator/source/reizouko_kazari.reizouko_kazari","0","3","3","1","1.917400","0","3"
"/Game/DESCARGAS/HABITACIONES/habitacion_encuentro/refrigerator/source/reizouko_packin.reizouko_packin","0","3","3","1","1.798377","0","3"
"/Game/DESCARGAS/hanging-shirt-by-camille-kleinman/source/Shirt_Dolman_Shirt_by_CG_Elves/Shirt_Dolman_39kpolys/Material1513828.Material1513828","0","8","8","1","26.233936","0","8"
"/Game/DESCARGAS/hanging-shirt-by-camille-kleinman/source/Shirt_Dolman_Shirt_by_CG_Elves/Shirt_Dolman_39kpolys/Material__166.Material__166","0","8","8","1","0.000000","0","8"
"/Game/DESCARGAS/hanging-shirt-by-camille-kleinman/source/Shirt_Dolman_Shirt_by_CG_Elves/Shirt_Dolman_39kpolys/Material__165.Material__165","0","8","8","1","0.000000","0","8"
"/Game/DESCARGAS/HABITACIONES/habitacion_encuentro/glass/source/Material_001.Material_001","0","10","10","1","53.105042","0","10"
"/Game/DESCARGAS/HABITACIONES/Habitaci?n_identidad/hair-dryer-with-diffuser/textures/Hairdryer1.Hairdryer1","0","3","3","1","0.000000","0","3"
"/Game/DESCARGAS/HABITACIONES/habitacion_infancia/sketchbook-variant-of-a-sad-child/source/Sketchbook_sadchild/sketchbook_leaf.sketchbook_leaf","0","3","3","1","1.828734","0","3"
"/Game/DESCARGAS/HABITACIONES/habitacion_encuentro/rita-floor-lamp-brass-and-marble/source/FLOOR.FLOOR","0","3","3","1","1.975708","0","3"
"/Game/DESCARGAS/HABITACIONES/habitacion_encuentro/red-wine-glass/source/WineGlassMergDirt_upl/WineGlassMerged.WineGlassMerged","0","3","3","1","1.930360","0","3"
"/Game/DESCARGAS/HABITACIONES/habitacion_infancia/my-scene-barbie-doll/source/Barbie.Barbie","0","6","6","1","3.564633","0","6"
"/Game/DESCARGAS/HABITACIONES/habitacion_infancia/my-scene-barbie-doll/source/Barbie_Head.Barbie_Head","0","6","6","1","0.000000","0","6"
"/Game/DESCARGAS/HABITACIONES/habitacion_infancia/my-scene-barbie-doll/source/Boots.Boots","0","6","6","1","3.556816","0","6"
"/Game/DESCARGAS/HABITACIONES/habitacion_infancia/my-scene-barbie-doll/source/Clothing.Clothing","0","6","6","1","5.031590","0","6"
"/Game/DESCARGAS/HABITACIONES/habitacion_infancia/my-scene-barbie-doll/source/Hair.Hair","0","6","6","1","3.805282","0","6"
"/Game/DESCARGAS/HABITACIONES/habitacion_infancia/my-scene-barbie-doll/source/Metal.Metal","0","6","6","1","3.667307","0","6"
"/Game/DESCARGAS/HABITACIONES/habitacion_infancia/my-scene-barbie-doll/source/Thread1.Thread1","0","6","6","1","3.716516","0","6"
"/Game/DESCARGAS/HABITACIONES/habitacion_infancia/my-scene-barbie-doll/source/Thread2.Thread2","0","6","6","1","3.697383","0","6"
"/Game/DESCARGAS/HABITACIONES/NewMaterial.NewMaterial","0","13","15","1","11.865297","0","15"
"/Engine/EngineDebugMaterials/M_VolumeRenderSphereTracePP.M_VolumeRenderSphereTracePP","0","5","5","1","2.303241","0","5"
"/Engine/EditorLandscapeResources/LandscapeDirtyMaterial.LandscapeDirtyMaterial","0","5","5","1","2.864052","0","5"
"/Engine/EngineMaterials/M_InvalidLightmapSettings.M_InvalidLightmapSettings","0","6","6","1","4.842205","0","6"
"/MovieRenderPipeline/Blueprints/M_MoviePipelineRenderPreview.M_MoviePipelineRenderPreview","0","15","15","1","6.948108","0","15"
"/Engine/EditorMaterials/PreviewShadowIndicatorMaterial.PreviewShadowIndicatorMaterial","0","25","25","1","1.850230","0","25"
"/Engine/EngineMaterials/PhAT_JointLimitMaterial.PhAT_JointLimitMaterial","0","8","9","1","4.748910","0","9"
"/Engine/EditorLandscapeResources/ColorMaskBrushMaterial.ColorMaskBrushMaterial","0","5","5","1","2.606422","0","5"
"/Engine/EngineMaterials/EmissiveMeshMaterial.EmissiveMeshMaterial","0","14","14","1","6.790647","0","14"
"/MovieRenderPipeline/Materials/MovieRenderQueue_MotionVectors.MovieRenderQueue_MotionVectors","0","5","5","1","1.391496","0","5"
"/Engine/EngineMaterials/PPM_DefaultCalibrationGrayscale.PPM_DefaultCalibrationGrayscale","0","5","5","1","0.940064","0","5"
"/Engine/EngineMaterials/PPM_DefaultCalibrationColor.PPM_DefaultCalibrationColor","0","5","5","1","0.984452","0","5"
"/Engine/VREditor/TransformGizmo/TranslucentTransformGizmoMaterial.TranslucentTransformGizmoMaterial","0","5","5","1","1.079157","0","5"
"/Engine/EngineDebugMaterials/M_SimpleUnlitTranslucent.M_SimpleUnlitTranslucent","0","5","5","1","1.005668","0","5"
"/Engine/EngineMaterials/DefaultMaterial.DefaultMaterial","0","24","0","1","0.000000","0","0"
"/Engine/EngineMaterials/DefaultPostProcessMaterial.DefaultPostProcessMaterial","0","31","31","1","10.268762","0","31"
"/Engine/EngineMaterials/GizmoMaterial.GizmoMaterial","0","5","6","1","3.075070","0","6"
"/Engine/EngineMaterials/DefaultDeferredDecalMaterial.DefaultDeferredDecalMaterial","0","75","75","1","18.904633","0","75"
"/Game/DESCARGAS/LAMPARA/LAMPARA.LAMPARA","0","3","3","1","1.873579","0","3"
"/Game/DESCARGAS/HABITACIONES/habitacion_encuentro/foto_polaroid/Frame_lambert79SG.Frame_lambert79SG","0","3","3","1","2.515850","0","3"
"/Game/DESCARGAS/HABITACIONES/habitacion_encuentro/foto_polaroid/initialShadingGroup.initialShadingGroup","0","3","3","1","1.807914","0","3"
"/Game/silla/RESPALDO.RESPALDO","0","3","3","1","1.810058","0","3"
"/Game/DESCARGAS/cama/alm_mas_chica.alm_mas_chica","0","3","3","1","1.845357","0","3"
"/Game/DESCARGAS/cama/alm_chica.alm_chica","0","3","3","1","0.000000","0","3"
"/Game/DESCARGAS/HABITACIONES/Habitaci?n_identidad/perfume-bottle__1_/source/Material__318.Material__318","0","3","3","1","0.902935","0","3"
"/Game/DESCARGAS/HABITACIONES/Habitaci?n_identidad/perfume-bottle__1_/source/Material__317.Material__317","0","3","3","1","0.925609","0","3"
"/Game/DESCARGAS/HABITACIONES/Habitaci?n_identidad/perfume-bottle__1_/source/Material__316.Material__316","0","3","3","1","0.000000","0","3"
"/Game/DESCARGAS/HABITACIONES/Habitaci?n_identidad/perfume-bottle__1_/source/Material__315.Material__315","0","3","3","1","0.000000","0","3"
"/Game/DESCARGAS/HABITACIONES/Habitaci?n_identidad/perfume-bottle__1_/source/Material__314.Material__314","0","3","3","1","0.000000","0","3"
"/Game/DESCARGAS/HABITACIONES/Habitaci?n_identidad/perfume-bottle__1_/source/Material__311.Material__311","0","3","3","1","0.000000","0","3"
"/Game/DESCARGAS/HABITACIONES/Habitaci?n_identidad/perfume-bottle__1_/source/Material__310.Material__310","0","3","3","1","0.000000","0","3"
"/Game/DESCARGAS/HABITACIONES/Habitaci?n_identidad/perfume-bottle__1_/source/Material__309.Material__309","0","3","3","1","0.000000","0","3"
"/Game/DESCARGAS/HABITACIONES/Habitaci?n_identidad/perfume-bottle__1_/source/Material__308.Material__308","0","3","3","1","0.000000","0","3"
"/Game/DESCARGAS/HABITACIONES/Habitaci?n_identidad/perfume-bottle__1_/source/Material__306.Material__306","0","3","3","1","0.000000","0","3"
"/Game/DESCARGAS/HABITACIONES/Habitaci?n_identidad/perfume-bottle__1_/source/Material__305.Material__305","0","3","3","1","0.000000","0","3"
"/Engine/EngineMaterials/FlattenMaterial_VT.FlattenMaterial_VT","0","6","6","1","4.968123","0","6"
"/Game/DESCARGAS/HABITACIONES/Habitaci?n_identidad/perfume-bottle__1_/source/Material__313.Material__313","0","3","3","1","1.782524","0","3"
"/Game/DESCARGAS/HABITACIONES/Habitaci?n_identidad/dior-handbag/Metal_Mat.Metal_Mat","0","3","3","1","1.924463","0","3"
"/Game/DESCARGAS/HABITACIONES/Habitaci?n_identidad/dior-handbag/Plastic_Mat.Plastic_Mat","0","3","3","1","1.847460","0","3"
"/Game/DESCARGAS/HABITACIONES/Habitaci?n_identidad/woman-shoes-3d-design-exercise/leather_red.leather_red","0","3","3","1","1.791867","0","3"
"/Engine/EngineMaterials/FlattenMaterial_WS_Normal_VT.FlattenMaterial_WS_Normal_VT","0","6","6","1","3.795807","0","6"
"/Engine/EngineMaterials/FlattenMaterial.FlattenMaterial","0","9","9","1","7.709867","0","9"
"/Game/DESCARGAS/HABITACIONES/Habitaci?n_identidad/dior-handbag/Object_2.Object_2","0","3","3","1","1.794759","0","3"
"/Game/DESCARGAS/graffiti-statue/Material.Material","0","3","3","1","2.488214","0","3"
"/Game/DESCARGAS/mesa_de_luz/Lamp.Lamp","0","3","3","1","2.424001","0","3"
"/Game/DESCARGAS/HABITACIONES/Habitaci?n_identidad/jeweled-sandal-high-heels/insole.insole","0","3","3","1","2.371693","0","3"
"/Game/DESCARGAS/HABITACIONES/Habitaci?n_identidad/jeweled-sandal-high-heels/outer.outer","0","3","3","1","2.454800","0","3"
"/Game/DESCARGAS/HABITACIONES/Habitaci?n_identidad/jeweled-sandal-high-heels/Outer_base_inner.Outer_base_inner","0","3","3","1","0.000000","0","3"
"/Game/DESCARGAS/HABITACIONES/Habitaci?n_identidad/jeweled-sandal-high-heels/outsole.outsole","0","3","3","1","0.000000","0","3"
"/Game/DESCARGAS/HABITACIONES/Habitaci?n_identidad/wallet/wallet_blinn.wallet_blinn","0","3","3","1","1.849378","0","3"
"/MovieRenderPipeline/Materials/MoviePipeline_StencilCutout.MoviePipeline_StencilCutout","0","16","18","1","9.346738","0","18"
"/Engine/VREditor/TransformGizmo/Main.Main","0","5","5","1","0.831007","0","5"
"/Engine/EditorMaterials/Camera/CineMat.CineMat","0","6","6","1","4.050513","0","6"
"/Game/Movies/MP_Conflicto_Video_Mat.MP_Conflicto_Video_Mat","0","2","2","1","0.000000","0","2"
"/Game/Movies/MP_IdentidadM_Video_Mat.MP_IdentidadM_Video_Mat","0","2","2","1","0.758002","0","2"
"/Game/Movies/MP_Identidad_Video_Mat.MP_Identidad_Video_Mat","0","2","2","1","0.000000","0","2"
"/Game/DESCARGAS/LAMPARA/BOTON_ENCENDIDO.BOTON_ENCENDIDO","0","3","3","1","1.683847","0","3"
"/Game/DESCARGAS/LAMPARA/PALO_LAMPARA.PALO_LAMPARA","0","3","3","1","1.709072","0","3"
"/Game/DESCARGAS/PISOS/Piso_maderaopaca.Piso_maderaopaca","0","3","3","1","2.358047","0","3"
"/Game/MODULOS/Socalos.Socalos","0","3","3","1","1.742005","0","3"
"/Game/Movies/MP_Infancia_Video_Mat.MP_Infancia_Video_Mat","0","2","2","1","0.000000","0","2"
"/Game/Movies/MP_Encuentro_Video_Mat.MP_Encuentro_Video_Mat","0","2","2","1","0.000000","0","2"
"/Game/DESCARGAS/LAMPARA/BASE_LAMPARA.BASE_LAMPARA","0","3","3","1","1.627454","0","3"
"/Game/DESCARGAS/LAMPARA/METAL_LAMPARA.METAL_LAMPARA","0","3","3","1","1.728910","0","3"
"/Game/DESCARGAS/HABITACIONES/habitacion_infancia/my-scene-barbie-doll/Thread2.Thread2","0","6","6","1","0.000000","0","6"
"/Engine/EditorLandscapeResources/SplineEditorMeshMat.SplineEditorMeshMat","0","10","12","1","8.559622","0","12"
"/Game/DESCARGAS/HABITACIONES/Habitaci?n_identidad/woman-shoes-3d-design-exercise/Seda_Rosa.Seda_Rosa","0","3","3","1","1.690192","0","3"
"/Game/DESCARGAS/ara?a_techo/lamp.lamp","0","3","3","1","1.648410","0","3"
"/Game/DESCARGAS/HABITACIONES/Habitaci?n_identidad/woman-shoes-3d-design-exercise/Goma_Tapa_Negro.Goma_Tapa_Negro","0","3","3","1","1.920606","0","3"
"/Engine/EngineMaterials/DefaultLightFunctionMaterial.DefaultLightFunctionMaterial","0","37","37","1","0.759142","0","37"
"/Game/DESCARGAS/HABITACIONES/Habitaci?n_identidad/jeweled-sandal-high-heels/toppiece.toppiece","0","3","3","1","0.000000","0","3"
"/Game/DESCARGAS/HABITACIONES/Habitaci?n_identidad/hair-dryer-with-diffuser/textures/Button.Button","0","3","3","1","1.760207","0","3"
"/Game/DESCARGAS/HABITACIONES/Habitaci?n_identidad/hair-dryer-with-diffuser/textures/Hairdryer2.Hairdryer2","0","3","3","1","1.800506","0","3"
"/Game/DESCARGAS/HABITACIONES/Habitaci?n_identidad/perfume-bottle__1_/source/FrontColor.FrontColor","0","3","3","1","1.704943","0","3"
"/Game/DESCARGAS/HABITACIONES/Habitaci?n_identidad/cosmetic-serum-bottle/Bottle_001.Bottle_001","0","3","3","1","1.679438","0","3"
"/Game/DESCARGAS/HABITACIONES/Habitaci?n_identidad/cosmetic-serum-bottle/Rubber_001.Rubber_001","0","3","3","1","1.667180","0","3"
"/Game/DESCARGAS/HABITACIONES/Habitaci?n_identidad/woman-shoes-3d-design-exercise/Black.Black","0","3","3","1","1.745042","0","3"
"/Game/DESCARGAS/HABITACIONES/Habitaci?n_identidad/woman-shoes-3d-design-exercise/piece-virtual_grey.piece-virtual_grey","0","3","3","1","1.639882","0","3"
"/Game/DESCARGAS/HABITACIONES/Habitaci?n_identidad/woman-shoes-3d-design-exercise/red_blood.red_blood","0","3","3","1","1.724152","0","3"
"/Game/DESCARGAS/HABITACIONES/Habitaci?n_identidad/3ce-face-blush-unusual-day/plastic.plastic","0","3","3","1","0.870474","0","3"
"/Game/DESCARGAS/HABITACIONES/Habitaci?n_identidad/3ce-face-blush-mono-pink/plastic.plastic","0","3","3","1","0.955517","0","3"
"/Game/DESCARGAS/HABITACIONES/Habitaci?n_identidad/jeweled-sandal-high-heels/base_Gold.base_Gold","0","3","3","1","1.774264","0","3"
"/Game/DESCARGAS/HABITACIONES/Habitaci?n_identidad/jeweled-sandal-high-heels/diamond.diamond","0","3","3","1","1.868749","0","3"
"/Game/DESCARGAS/HABITACIONES/Habitaci?n_identidad/jeweled-sandal-high-heels/zipper.zipper","0","3","3","1","1.665842","0","3"
"/Game/DESCARGAS/HABITACIONES/Habitaci?n_identidad/hair-dryer-with-diffuser/textures/BlackMatt.BlackMatt","0","3","3","1","1.856406","0","3"
"/Game/DESCARGAS/HABITACIONES/Habitaci?n_identidad/hair-dryer-with-diffuser/textures/BlackPlastic.BlackPlastic","0","3","3","1","1.605485","0","3"
"/Game/DESCARGAS/HABITACIONES/Habitaci?n_identidad/woman-shoes-3d-design-exercise/pvc.pvc","0","3","3","1","1.539343","0","3"
"/Game/DESCARGAS/HABITACIONES/habitacion_infancia/my-scene-barbie-doll/Barbie.Barbie","0","6","6","1","0.000000","0","6"
"/Game/DESCARGAS/HABITACIONES/habitacion_infancia/my-scene-barbie-doll/Barbie_Head.Barbie_Head","0","6","6","1","0.000000","0","6"
"/Game/DESCARGAS/inodoro/Button.Button","0","3","3","1","1.542179","0","3"
"/Game/interruptor/source/Wall_socket_black.Wall_socket_black","0","3","3","1","1.536398","0","3"
"/Game/DESCARGAS/HABITACIONES/habitacion_infancia/my-scene-barbie-doll/Metal.Metal","0","6","6","1","0.000000","0","6"
"/Game/DESCARGAS/RADIO/patas.patas","0","3","3","1","1.550342","0","3"
"/Game/interruptor/source/Wall_socket_white.Wall_socket_white","0","3","3","1","1.803831","0","3"
"/Game/DESCARGAS/broken-glass/color_-1033803926.color_-1033803926","0","5","5","1","0.000000","0","5"
"/Engine/EditorMaterials/PhAT_UnselectedMaterial.PhAT_UnselectedMaterial","0","5","5","1","0.990680","0","5"
"/Engine/EngineSky/M_SimpleSkyDome.M_SimpleSkyDome","0","2","2","1","1.464457","0","2"
"/Game/DESCARGAS/HABITACIONES/habitacion_infancia/my-scene-barbie-doll/Hair.Hair","0","6","6","1","0.000000","0","6"
"/Game/DESCARGAS/HABITACIONES/habitacion_infancia/my-scene-barbie-doll/Thread1.Thread1","0","6","6","1","0.000000","0","6"
"/Game/DESCARGAS/inodoro/Ceramic.Ceramic","0","3","3","1","1.912131","0","3"
"/Game/DESCARGAS/mesa_de_luz/Nightstand.Nightstand","0","3","3","1","1.549762","0","3"
"/Game/DESCARGAS/mesa_de_luz/Vase.Vase","0","3","3","1","0.806524","0","3"
"/Game/DESCARGAS/HABITACIONES/Habitaci?n_identidad/old-man-shoes/aiStandardSurface2.aiStandardSurface2","0","6","6","1","2.072436","0","6"
"/Game/DESCARGAS/bacha/textures/cabinet.cabinet","0","3","3","1","0.000000","0","3"
"/Game/DESCARGAS/bacha/textures/faucet.faucet","0","3","3","1","0.000000","0","3"
"/Game/dirty-light-switch/dirtyswitch.dirtyswitch","0","3","3","1","1.594437","0","3"
"/Game/DESCARGAS/HABITACIONES/habitacion_infancia/my-scene-barbie-doll/Boots.Boots","0","6","6","1","0.000000","0","6"
"/Game/DESCARGAS/HABITACIONES/habitacion_infancia/my-scene-barbie-doll/Clothing.Clothing","0","6","6","1","0.000000","0","6"
"/Game/DESCARGAS/inodoro/Tapa.Tapa","0","3","0","1","0.000000","0","0"
"/Engine/EngineDebugMaterials/DebugEditorMaterial.DebugEditorMaterial","0","5","6","1","3.341621","0","6"
"/Game/RandomPaintings7/Materials/M_Photo_Base.M_Photo_Base","0","3","3","1","2.580144","0","3"
"/Game/DESCARGAS/wardrobe/Material_1.Material_1","0","3","3","1","2.967037","0","3"
"/Game/DESCARGAS/HABITACIONES/Habitaci?n_identidad/3ce-face-blush-unusual-day/sticker_number1.sticker_number1","0","3","3","1","2.120910","0","3"
"/Game/DESCARGAS/HABITACIONES/Habitaci?n_identidad/3ce-face-blush-unusual-day/shade__UNUSUAL_DAY.shade__UNUSUAL_DAY","0","3","3","1","0.000000","0","3"
"/Game/DESCARGAS/HABITACIONES/Habitaci?n_identidad/3ce-face-blush-unusual-day/screw1.screw1","0","3","3","1","0.000000","0","3"
"/Game/DESCARGAS/HABITACIONES/Habitaci?n_identidad/3ce-face-blush-unusual-day/package1.package1","0","3","3","1","0.000000","0","3"
"/Game/DESCARGAS/HABITACIONES/Habitaci?n_identidad/3ce-face-blush-mono-pink/package1.package1","0","3","3","1","0.000000","0","3"
"/Game/DESCARGAS/HABITACIONES/Habitaci?n_identidad/3ce-face-blush-mono-pink/screw1.screw1","0","3","3","1","0.000000","0","3"
"/Game/DESCARGAS/HABITACIONES/Habitaci?n_identidad/3ce-face-blush-mono-pink/shade__MONO_PINK.shade__MONO_PINK","0","3","3","1","0.000000","0","3"
"/Game/DESCARGAS/HABITACIONES/Habitaci?n_identidad/3ce-face-blush-mono-pink/sticker_number1.sticker_number1","0","3","3","1","0.000000","0","3"
"/Game/DESCARGAS/HABITACIONES/habitacion_encuentro/BA?ADERA/Material__3.Material__3","0","3","3","1","0.000000","0","3"
"/Game/DESCARGAS/wall-mirror/textures/Material_001.Material_001","0","3","3","1","0.000000","0","3"
"/Game/DESCARGAS/tv/Livingroom_TV.Livingroom_TV","0","3","3","1","0.000000","0","3"
"/Game/DESCARGAS/broken-mug/brokenmug.brokenmug","0","3","3","1","0.000000","0","3"
"/Game/DESCARGAS/ESPEJO/ESPEJO.ESPEJO","0","3","3","1","0.000000","0","3"
"/Game/DESCARGAS/ceiling-lamp-10mb/textures/lampara.lampara","0","3","3","1","0.000000","0","3"
"/Game/DESCARGAS/Telephone/Materials/M_Phone.M_Phone","0","3","3","1","2.093467","0","3"
"/Engine/EngineSky/M_Sky_Panning_Clouds2.M_Sky_Panning_Clouds2","0","2","2","1","1.902107","0","2"
"/Game/DESCARGAS/HABITACIONES/Habitaci?n_identidad/perfume-bottle/label_roughness_Mat.label_roughness_Mat","0","14","0","1","0.000000","0","0"
"/Game/RandomPaintings7/Materials/M_Base_01.M_Base_01","0","3","3","1","2.829137","0","3"
"/Game/DESCARGAS/Telephone/Materials/M_Phone_2.M_Phone_2","0","3","3","1","0.000000","0","3"
"/Game/DESCARGAS/HABITACIONES/Habitaci?n_identidad/salon-round-hair-brush/source/mRoundBrush.mRoundBrush","0","3","3","1","2.112924","0","0"
"/Game/DESCARGAS/cama/lambert5.lambert5","0","3","3","1","2.111905","0","3"
"/Engine/EditorMaterials/Dataflow/DataflowTwoSidedVertexMaterial.DataflowTwoSidedVertexMaterial","0","6","0","1","0.000000","0","0"
"/Game/RandomPaintings7/Materials/M_Base_02.M_Base_02","0","3","3","1","2.887233","0","3"
"/Game/DESCARGAS/HABITACIONES/habitacion_encuentro/MESSY_BED/Nordli_Fabrics.Nordli_Fabrics","0","3","3","1","2.155804","0","3"
"/Game/DESCARGAS/HABITACIONES/habitacion_encuentro/MESSY_BED/Nordli_Frame.Nordli_Frame","0","3","3","1","0.000000","0","3"
"/Engine/EditorMaterials/Dataflow/DataflowVertexMaterial.DataflowVertexMaterial","0","6","6","1","5.672176","0","6"
"/Game/DESCARGAS/sofas/OldLivingRoomSofa/Materials/StandardMaterials/M_OpaqueMaster.M_OpaqueMaster","0","3","3","1","2.888634","0","3"
"/Engine/EngineMaterials/NaniteHiddenSectionMaterial.NaniteHiddenSectionMaterial","0","12","0","1","0.000000","0","0"
"/Engine/BasicShapes/BasicShapeMaterial.BasicShapeMaterial","0","9","9","1","4.535801","0","9"
"/Engine/EditorMaterials/Dataflow/DataflowTwoSidedVertexMaterial.SculptMaterial","0","6","0","1","0.000000","0","0"
"/Engine/EditorMaterials/PhAT_NoCollisionMaterial.PhAT_NoCollisionMaterial","0","5","0","1","0.000000","0","0"
"Globals","49","15775","0","1","0.000000","0","0"
"/InterchangeAssets/gltf/M_ClearCoat.M_ClearCoat","49","166","184","6","0.000000","0","184"
"/Game/materials/MasterMaterial/MasterMaterial.MasterMaterial","49","13","13","1","0.000000","0","13"
"/InterchangeAssets/gltf/M_Default.M_Default","49","458","494","13","836.286621","26","465"
"/Game/DESCARGAS/OldWest/Shared/Materials/MM_MasterMaterial_01a.MM_MasterMaterial_01a","49","26","26","2","106.605309","0","26"
"/Game/DESCARGAS/Deko_MatrixDemo/Shared/Material/Masters/MM_Master_01.MM_Master_01","49","26","26","2","70.513153","0","26"
"/Game/LevelPrototyping/Materials/M_PrototypeGrid.M_PrototypeGrid","49","13","13","1","5.185058","8","13"
"/Game/DetectiveOffice/Material/M_Basic1.M_Basic1","49","148","157","2","399.062897","0","121"
"/Game/Characters/Mannequins/Materials/M_Mannequin.M_Mannequin","49","76","84","2","11.621431","0","84"
"/Engine/EngineMaterials/Widget3DPassThrough.Widget3DPassThrough","49","81","86","6","47.947578","0","96"
"/Engine/EditorLandscapeResources/LandscapeLayerUsageMaterial.LandscapeLayerUsageMaterial","49","7","7","1","8.976406","0","7"
"/SpeedTreeImporter/SpeedTree9/SpeedTreeMaster.SpeedTreeMaster","49","44","48","1","0.000000","0","48"
"/SpeedTreeImporter/SpeedTree9/SpeedTreeBillboardMaster.SpeedTreeBillboardMaster","49","44","48","1","0.000000","0","48"
"/InterchangeAssets/gltf/M_Unlit.M_Unlit","49","254","264","6","0.000000","0","264"
"/InterchangeAssets/gltf/M_SpecularGlossiness.M_SpecularGlossiness","49","158","168","6","0.000000","0","168"
"/InterchangeAssets/gltf/M_Transmission.M_Transmission","49","54","54","2","0.000000","0","54"
"/InterchangeAssets/gltf/M_Sheen.M_Sheen","49","158","168","6","0.000000","0","168"
"/Engine/EditorLandscapeResources/MaskBrushMaterial.MaskBrushMaterial","49","10","10","1","7.886572","0","20"
"/Engine/VREditor/SnapGrid/SnapGridMaterial.SnapGridMaterial","49","22","22","1","40.878235","0","22"
"/Paper2D/DefaultSpriteMaterial.DefaultSpriteMaterial","49","58","64","2","0.000000","0","64"
"/Engine/EditorLandscapeResources/SelectBrushMaterial.SelectBrushMaterial","49","20","20","2","24.628704","0","20"
"/MovieRenderPipeline/Blueprints/M_MoviePipelineRenderPreview.M_MoviePipelineRenderPreview","49","16","16","1","25.437275","0","16"
"/Engine/EngineMaterials/DefaultTextMaterialOpaque.DefaultTextMaterialOpaque","49","22","24","1","5.692741","0","24"
"/Engine/EditorMaterials/PreviewShadowIndicatorMaterial.PreviewShadowIndicatorMaterial","49","66","66","1","4.362239","0","66"
"/Engine/EngineMaterials/DefaultMaterial.DefaultMaterial","49","45","45","1","51.153725","0","0"
"/Engine/EngineMaterials/DefaultDeferredDecalMaterial.DefaultDeferredDecalMaterial","49","80","80","1","19.027470","0","80"
"/Engine/EngineMaterials/DefaultPostProcessMaterial.DefaultPostProcessMaterial","49","32","32","1","13.224616","0","32"
"/Engine/EngineDebugMaterials/M_VolumeRenderSphereTracePP.M_VolumeRenderSphereTracePP","49","6","6","1","2.564850","0","6"
"/HairStrands/Materials/HairDebugMaterial.HairDebugMaterial","49","73","79","1","0.000000","0","79"
"/MovieRenderPipeline/Materials/MovieRenderQueue_WorldDepth.MovieRenderQueue_WorldDepth","49","6","6","1","0.982299","0","6"
"/Engine/EngineMaterials/WorldGridMaterial.WorldGridMaterial","49","1817","1840","1","0.000000","0","0"
"/Engine/VREditor/TransformGizmo/TransformGizmoMaterial.TransformGizmoMaterial","49","7","7","1","1.511956","0","7"
"/ControlRig/M_Manip.M_Manip","49","13","14","1","0.000000","0","14"
"/Engine/EngineMaterials/PhAT_JointLimitMaterial.PhAT_JointLimitMaterial","49","13","14","1","7.901529","0","14"
"/Engine/EditorLandscapeResources/LayerVisMaterial.LayerVisMaterial","49","7","7","1","9.242225","0","7"
"/Engine/EditorLandscapeResources/ColorMaskBrushMaterial.ColorMaskBrushMaterial","49","10","10","1","9.357676","0","10"
"/Engine/EditorLandscapeResources/LandscapeDirtyMaterial.LandscapeDirtyMaterial","49","10","10","1","11.950681","0","10"
"/Engine/EngineMaterials/EmissiveMeshMaterial.EmissiveMeshMaterial","49","21","21","1","9.025532","0","21"
"/Engine/EngineMaterials/M_InvalidLightmapSettings.M_InvalidLightmapSettings","49","16","16","1","17.676250","0","16"
"","49","512","0","1","0.000000","513","0"
"/Engine/EngineMaterials/FlattenMaterial_VT.FlattenMaterial_VT","49","16","16","1","20.293032","0","16"
"/Engine/EngineMaterials/FlattenMaterial_WS_Normal_VT.FlattenMaterial_WS_Normal_VT","49","16","16","1","16.720617","0","16"
"/Engine/EngineMaterials/FlattenMaterial.FlattenMaterial","49","22","22","1","38.476158","0","22"
"/MovieRenderPipeline/Materials/MovieRenderQueue_MotionVectors.MovieRenderQueue_MotionVectors","49","6","6","1","1.377267","0","6"
"/Engine/EngineMaterials/PPM_DefaultCalibrationGrayscale.PPM_DefaultCalibrationGrayscale","49","6","6","1","0.759228","0","6"
"/Engine/EngineMaterials/PPM_DefaultCalibrationColor.PPM_DefaultCalibrationColor","49","6","6","1","0.973695","0","6"
"/MovieRenderPipeline/Materials/MoviePipeline_StencilCutout.MoviePipeline_StencilCutout","49","21","23","1","8.371439","0","23"
"/Engine/EditorMaterials/Camera/CineMat.CineMat","49","14","14","1","13.332491","0","14"
"/HairStrands/Materials/HairCardsDefaultMaterial.HairCardsDefaultMaterial","49","73","79","1","0.000000","0","79"
"/Engine/EngineMaterials/DefaultLightFunctionMaterial.DefaultLightFunctionMaterial","49","78","78","1","3.224117","0","78"
"/Engine/VREditor/TransformGizmo/Main.Main","49","10","10","1","4.500708","0","10"
"/Engine/VREditor/TransformGizmo/Xray.Xray","49","8","8","1","0.000000","0","8"
"/Engine/EditorLandscapeResources/SplineEditorMeshMat.SplineEditorMeshMat","49","22","24","1","20.648340","0","24"
"/HairStrands/Materials/HairDefaultMaterial.HairDefaultMaterial","49","42","45","1","0.000000","0","45"
"/HairStrands/Materials/HairMeshesDefaultMaterial.HairMeshesDefaultMaterial","49","42","45","1","0.000000","0","45"
"/CameraCalibrationCore/Materials/M_DefaultOddSquare.M_DefaultOddSquare","49","9","9","1","0.000000","0","9"
"/CameraCalibrationCore/Materials/M_DefaultEvenSquare.M_DefaultEvenSquare","49","9","9","1","0.000000","0","9"
"/Engine/VREditor/TransformGizmo/TranslucentTransformGizmoMaterial.TranslucentTransformGizmoMaterial","49","10","10","1","1.642365","0","10"
"/Engine/EngineDebugMaterials/M_SimpleUnlitTranslucent.M_SimpleUnlitTranslucent","49","10","10","1","1.672446","0","10"
"/Engine/EngineMaterials/NaniteHiddenSectionMaterial.NaniteHiddenSectionMaterial","49","19","21","1","5.057000","0","0"
"/Engine/EngineMaterials/RemoveSurfaceMaterial.RemoveSurfaceMaterial","49","7","7","1","0.000000","0","7"
"/Engine/EngineDebugMaterials/DebugMeshMaterial.DebugMeshMaterial","49","12","12","1","0.000000","0","12"
"/Engine/EngineMaterials/GizmoMaterial.GizmoMaterial","49","10","11","1","1.234896","0","11"
"/Engine/EditorMaterials/PhAT_UnselectedMaterial.PhAT_UnselectedMaterial","49","10","10","1","5.492237","0","10"
"/Engine/EditorMaterials/PhAT_NoCollisionMaterial.PhAT_NoCollisionMaterial","49","10","10","1","2.196623","0","0"
"/ControlRig/Controls/ControlRigXRayMaterial.ControlRigXRayMaterial","49","13","14","1","0.000000","0","14"
"/Engine/BasicShapes/BasicShapeMaterial.BasicShapeMaterial","49","27","27","1","18.278551","0","27"
"/Engine/EditorMaterials/Dataflow/DataflowVertexMaterial.DataflowVertexMaterial","49","11","11","1","3.406612","0","11"
"/Engine/EditorMaterials/Dataflow/DataflowTwoSidedVertexMaterial.DataflowTwoSidedVertexMaterial","49","11","12","1","2.299638","0","0"
"/Engine/EditorMaterials/Dataflow/DataflowTwoSidedVertexMaterial.SculptMaterial","49","11","12","1","6.760548","0","0"
"/Engine/EngineDebugMaterials/DebugEditorMaterial.DebugEditorMaterial","49","10","11","1","1.218554","0","11"
"/Game/DESCARGAS/HABITACIONES/Habitaciones_assetsvarios/commod-low-poly-game-ready/source/commod.commod","49","13","13","1","0.000000","0","13"
"/Game/DESCARGAS/sofas/OldLivingRoomSofa/Materials/StandardMaterials/M_OpaqueMaster.M_OpaqueMaster","49","13","13","1","8.407973","0","13"
"/Game/RandomPaintings7/Materials/M_Base_02.M_Base_02","49","8","8","1","2.071981","0","8"
"/Game/RandomPaintings7/Materials/M_Base_01.M_Base_01","49","8","8","1","2.313306","0","8"
"/Engine/EngineSky/VolumetricClouds/m_SimpleVolumetricCloud.m_SimpleVolumetricCloud","49","93","93","1","0.000000","0","93"
"/Game/DESCARGAS/HABITACIONES/Habitaciones_assetsvarios/lapo-s/source/Lapo.Lapo","49","13","13","1","0.000000","0","13"
"/Game/DESCARGAS/Telephone/Materials/M_Phone_2.M_Phone_2","49","8","8","1","1.931423","0","8"
"/Game/DESCARGAS/HABITACIONES/habitacion_infancia/zoologic-shelving/source/Material_023.Material_023","49","13","13","1","0.000000","0","13"
"/Game/DESCARGAS/HABITACIONES/habitacion_infancia/zoologic-shelving/source/Material_022.Material_022","49","13","13","1","0.000000","0","13"
"/Game/DESCARGAS/HABITACIONES/habitacion_infancia/zoologic-shelving/source/Material_021.Material_021","49","13","13","1","0.000000","0","13"
"/ControlRig/Controls/ControlRigGizmoMaterial.ControlRigGizmoMaterial","49","7","7","1","0.000000","0","7"
"/Game/DESCARGAS/HABITACIONES/habitacion_infancia/zoologic-shelving/source/Material_020.Material_020","49","13","13","1","0.000000","0","13"
"/Game/DESCARGAS/HABITACIONES/habitacion_infancia/zoologic-shelving/source/Material_007.Material_007","49","13","13","1","0.000000","0","13"
"/Game/DESCARGAS/HABITACIONES/habitacion_infancia/zoologic-shelving/source/Material_006.Material_006","49","13","13","1","0.000000","0","13"
"/Game/DESCARGAS/HABITACIONES/habitacion_infancia/zoologic-shelving/source/Material_005.Material_005","49","13","13","1","0.000000","0","13"
"/Game/DESCARGAS/HABITACIONES/habitacion_infancia/zoologic-shelving/source/Material_024.Material_024","49","13","13","1","0.000000","0","13"
"/Game/DESCARGAS/HABITACIONES/habitacion_infancia/zoologic-shelving/source/Material_025.Material_025","49","13","13","1","0.000000","0","13"
"/Game/DESCARGAS/HABITACIONES/habitacion_infancia/zoologic-shelving/source/Material_026.Material_026","49","13","13","1","0.000000","0","13"
"/Game/DESCARGAS/HABITACIONES/habitacion_infancia/zoologic-shelving/source/Material_027.Material_027","49","13","13","1","0.000000","0","13"
"/Game/DESCARGAS/HABITACIONES/habitacion_infancia/zoologic-shelving/source/Material_028.Material_028","49","13","13","1","0.000000","0","13"
"/Game/DESCARGAS/HABITACIONES/habitacion_infancia/zoologic-shelving/source/Material_029.Material_029","49","13","13","1","0.000000","0","13"
"/Game/DESCARGAS/HABITACIONES/habitacion_infancia/zoologic-shelving/source/Material_030.Material_030","49","13","13","1","0.000000","0","13"
"/Game/DESCARGAS/HABITACIONES/habitacion_infancia/zoologic-shelving/source/Material_031.Material_031","49","13","13","1","0.000000","0","13"
"/Game/DESCARGAS/HABITACIONES/habitacion_infancia/zoologic-shelving/source/Material_032.Material_032","49","13","13","1","0.000000","0","13"
"/Game/DESCARGAS/HABITACIONES/habitacion_infancia/zoologic-shelving/source/Material_033.Material_033","49","13","13","1","0.000000","0","13"
"/Game/DESCARGAS/HABITACIONES/habitacion_infancia/zoologic-shelving/source/Material_066.Material_066","49","13","13","1","0.000000","0","13"
"/Game/DESCARGAS/HABITACIONES/habitacion_infancia/zoologic-shelving/source/Material__145.Material__145","49","13","13","1","0.000000","0","13"
"/Game/DESCARGAS/RADIO/PARLANTE.PARLANTE","49","13","13","1","0.000000","0","13"
"/Game/DESCARGAS/RADIO/MARCA.MARCA","49","13","13","1","0.000000","0","13"
"/Game/DESCARGAS/RADIO/CUERPO_PARLANTE.CUERPO_PARLANTE","49","13","13","1","0.000000","0","13"
"/Game/DESCARGAS/RADIO/BOTONES.BOTONES","49","13","13","1","0.000000","0","13"
"/Game/DESCARGAS/RADIO/BOTON.BOTON","49","13","13","1","0.000000","0","13"
"/Game/DESCARGAS/RADIO/BORDE_PARLANTE.BORDE_PARLANTE","49","13","13","1","0.000000","0","13"
"/Game/DESCARGAS/RADIO/PERILLA_METAL.PERILLA_METAL","49","13","13","1","0.000000","0","13"
"/Game/RandomPaintings7/Materials/M_Photo_Base.M_Photo_Base","49","8","8","1","2.274916","0","8"
"/Game/DESCARGAS/HABITACIONES/habitacion_encuentro/MESSY_BED/Nordli_Fabrics.Nordli_Fabrics","49","13","13","1","8.685439","0","13"
"/Game/DESCARGAS/HABITACIONES/habitacion_encuentro/MESSY_BED/Nordli_Frame.Nordli_Frame","49","13","13","1","0.000000","0","13"
"/Game/DESCARGAS/HABITACIONES/Habitaci?n_identidad/marilyn-monroe-hair/HairMatAniso_mesh.HairMatAniso_mesh","49","13","13","1","0.000000","0","13"
"/Game/DESCARGAS/HABITACIONES/habitacion_infancia/color-pencil-collection/source/Material_001.Material_001","49","13","13","1","0.000000","0","13"
"/Game/DESCARGAS/HABITACIONES/habitacion_infancia/color-pencil-collection/source/Material_002.Material_002","49","13","13","1","0.000000","0","13"
"/Game/DESCARGAS/HABITACIONES/habitacion_infancia/color-pencil-collection/source/Material_003.Material_003","49","13","13","1","0.000000","0","13"
"/Game/DESCARGAS/HABITACIONES/habitacion_infancia/color-pencil-collection/source/Material_004.Material_004","49","13","13","1","0.000000","0","13"
"/Game/DESCARGAS/HABITACIONES/habitacion_infancia/color-pencil-collection/source/Material_005.Material_005","49","13","13","1","0.000000","0","13"
"/Game/DESCARGAS/HABITACIONES/habitacion_infancia/color-pencil-collection/source/Material_006.Material_006","49","13","13","1","0.000000","0","13"
"/Game/DESCARGAS/HABITACIONES/habitacion_infancia/color-pencil-collection/source/Material_007.Material_007","49","13","13","1","0.000000","0","13"
"/Game/DESCARGAS/HABITACIONES/habitacion_infancia/color-pencil-collection/source/Material_008.Material_008","49","13","13","1","0.000000","0","13"
"/Game/DESCARGAS/HABITACIONES/habitacion_infancia/color-pencil-collection/source/Material_009.Material_009","49","13","13","1","0.000000","0","13"
"/Game/DESCARGAS/HABITACIONES/habitacion_infancia/sketchbook-variant-of-a-sad-child/source/Sketchbook_sadchild/sketchbook.sketchbook","49","13","13","1","0.000000","0","13"
"/Engine/EngineSky/M_Sky_Panning_Clouds2.M_Sky_Panning_Clouds2","49","7","7","1","4.149168","0","7"
"/Game/DESCARGAS/HABITACIONES/habitacion_encuentro/BA?ADERA/Material__3.Material__3","49","13","13","1","9.526209","0","13"
"/Game/DESCARGAS/HABITACIONES/Habitaci?n_identidad/wallet/notes_1_lambert.notes_1_lambert","49","13","13","1","0.000000","0","13"
"/Game/DESCARGAS/coat-rack/textures/Material_001.Material_001","49","13","13","1","0.000000","0","13"
"/Game/DESCARGAS/cama/colchon.colchon","49","13","13","1","0.000000","0","13"
"/Game/DESCARGAS/cama/frazada.frazada","49","13","13","1","0.000000","0","13"
"/Game/DESCARGAS/cama/lambert5.lambert5","49","13","13","1","8.305268","0","13"
"/Game/DESCARGAS/nike/source/finalized/tex_u1_v1.tex_u1_v1","49","13","13","1","0.000000","0","13"
"/Game/DESCARGAS/HABITACIONES/habitacion_infancia/color-pencil-collection/source/Material_012.Material_012","49","13","13","1","0.000000","0","13"
"/Game/DESCARGAS/HABITACIONES/habitacion_infancia/color-pencil-collection/source/Material_011.Material_011","49","13","13","1","0.000000","0","13"
"/Game/DESCARGAS/HABITACIONES/habitacion_infancia/color-pencil-collection/source/Material_010.Material_010","49","13","13","1","0.000000","0","13"
"/Game/DESCARGAS/HABITACIONES/habitacion_infancia/color-pencil-collection/source/Material.Material","49","13","13","1","0.000000","0","13"
"/Game/DESCARGAS/Telephone/Materials/M_Phone.M_Phone","49","8","8","1","0.000000","0","8"
"/Game/DESCARGAS/wardrobe/Material_1.Material_1","49","13","13","1","0.000000","0","13"
"/Game/DESCARGAS/control_tv/Material__7.Material__7","49","13","13","1","0.000000","0","13"
"/Game/DESCARGAS/HABITACIONES/Habitaci?n_identidad/salon-round-hair-brush/source/mRoundBrush.mRoundBrush","49","13","13","1","8.285403","0","0"
"/Game/DESCARGAS/HABITACIONES/habitacion_encuentro/free-pothos-potted-plant-money-plant/source/WOODEN_LEGS_POT.WOODEN_LEGS_POT","49","13","13","1","0.000000","0","13"
"/Game/DESCARGAS/HABITACIONES/habitacion_encuentro/free-pothos-potted-plant-money-plant/source/POTHOS_Mat.POTHOS_Mat","49","13","13","1","0.000000","0","13"
"/Game/DESCARGAS/HABITACIONES/habitacion_encuentro/minibar/source/Light_Oak1.Light_Oak1","49","13","13","1","0.000000","0","13"
"/Game/DESCARGAS/lip-stick/textures/lakeme.lakeme","49","13","13","1","0.000000","0","13"
"/Game/DESCARGAS/HABITACIONES/habitacion_infancia/buzz-toy/source/Box2SG.Box2SG","49","13","13","1","0.000000","0","13"
"/Game/DESCARGAS/HABITACIONES/Habitaci?n_identidad/3ce-face-blush-unusual-day/sticker_sew1.sticker_sew1","49","13","13","1","0.000000","0","13"
"/Game/DESCARGAS/HABITACIONES/Habitaci?n_identidad/3ce-face-blush-unusual-day/sticker_number1.sticker_number1","49","13","13","1","9.266734","0","13"
"/Game/DESCARGAS/HABITACIONES/Habitaciones_assetsvarios/Tree_S1/grt1.grt1","49","13","13","1","0.000000","0","13"
"/Game/DESCARGAS/HABITACIONES/Habitaciones_assetsvarios/Tree_S1/M_06___Default1.M_06___Default1","49","13","13","1","0.000000","0","13"
"/Game/DESCARGAS/HABITACIONES/Habitaciones_assetsvarios/Tree_S1/TEXTURE11.TEXTURE11","49","13","13","1","0.000000","0","13"
"/Game/DESCARGAS/HABITACIONES/Habitaci?n_identidad/old-man-shoes/aiStandardSurface2.aiStandardSurface2","49","11","11","1","1.932357","0","11"
"/Game/DESCARGAS/HABITACIONES/habitacion_infancia/sketchbook-variant-of-a-sad-child/source/Sketchbook_sadchild/sketchbook_backface.sketchbook_backface","49","13","13","1","0.000000","0","13"
"/Game/DESCARGAS/HABITACIONES/habitacion_infancia/toy-castle/source/lambert2.lambert2","49","13","13","1","0.000000","0","13"
"/Game/DESCARGAS/HABITACIONES/habitacion_infancia/toy-castle/source/lambert3.lambert3","49","13","13","1","0.000000","0","13"
"/Game/DESCARGAS/HABITACIONES/habitacion_infancia/toy-castle/source/lambert4.lambert4","49","13","13","1","0.000000","0","13"
"/Game/DESCARGAS/HABITACIONES/habitacion_infancia/toy-castle/source/lambert5.lambert5","49","13","13","1","0.000000","0","13"
"/Game/DESCARGAS/HABITACIONES/habitacion_encuentro/candles/source/Amber.Amber","49","13","13","1","0.000000","0","13"
"/Game/DESCARGAS/HABITACIONES/habitacion_encuentro/candles/source/Fire.Fire","49","13","13","1","0.000000","0","13"
"/Game/DESCARGAS/HABITACIONES/habitacion_encuentro/candles/source/pasted__Amber.pasted__Amber","49","13","13","1","0.000000","0","13"
"/Game/DESCARGAS/HABITACIONES/habitacion_encuentro/candles/source/pasted__Amber1.pasted__Amber1","49","13","13","1","0.000000","0","13"
"/Game/DESCARGAS/HABITACIONES/habitacion_encuentro/candles/source/pasted__Fire.pasted__Fire","49","13","13","1","0.000000","0","13"
"/Game/DESCARGAS/HABITACIONES/habitacion_encuentro/candles/source/pasted__Fire1.pasted__Fire1","49","13","13","1","0.000000","0","13"
"/Game/DESCARGAS/HABITACIONES/habitacion_encuentro/candles/source/pasted__pasted__Amber.pasted__pasted__Amber","49","13","13","1","0.000000","0","13"
"/Game/DESCARGAS/HABITACIONES/habitacion_encuentro/candles/source/pasted__pasted__Fire.pasted__pasted__Fire","49","13","13","1","0.000000","0","13"
"/Game/DESCARGAS/HABITACIONES/habitacion_encuentro/candles/source/pasted__pasted__Wax.pasted__pasted__Wax","49","13","13","1","0.000000","0","13"
"/Game/DESCARGAS/HABITACIONES/habitacion_encuentro/candles/source/pasted__Wax.pasted__Wax","49","13","13","1","0.000000","0","13"
"/Game/DESCARGAS/HABITACIONES/habitacion_encuentro/candles/source/pasted__Wax1.pasted__Wax1","49","13","13","1","0.000000","0","13"
"/Game/DESCARGAS/HABITACIONES/habitacion_encuentro/candles/source/Wax.Wax","49","13","13","1","0.000000","0","13"
"/Game/DESCARGAS/HABITACIONES/habitacion_encuentro/minibar/source/Metal_Rough_Black_10mm_Circular_Mesh.Metal_Rough_Black_10mm_Circular_Mesh","49","13","13","1","0.000000","0","13"
"/Game/DESCARGAS/HABITACIONES/habitacion_encuentro/minibar/source/Metal_Rough_Black_10mm_Circular_Mesh_ncl_1.Metal_Rough_Black_10mm_Circular_Mesh_ncl_1","49","13","13","1","0.000000","0","13"
"/Game/DESCARGAS/HABITACIONES/habitacion_encuentro/minibar/source/Paint_Matte_Black.Paint_Matte_Black","49","13","13","1","0.000000","0","13"
"/Game/DESCARGAS/HABITACIONES/habitacion_encuentro/minibar/source/Paint_Matte_Black_ncl_8.Paint_Matte_Black_ncl_8","49","13","13","1","0.000000","0","13"
"/Game/DESCARGAS/HABITACIONES/habitacion_encuentro/minibar/source/Paint_Matte_Black_ncl_7.Paint_Matte_Black_ncl_7","49","13","13","1","0.000000","0","13"
"/Game/DESCARGAS/HABITACIONES/habitacion_encuentro/minibar/source/Paint_Matte_Black_ncl_6.Paint_Matte_Black_ncl_6","49","13","13","1","0.000000","0","13"
"/Game/DESCARGAS/HABITACIONES/habitacion_encuentro/minibar/source/Paint_Matte_Black_ncl_5.Paint_Matte_Black_ncl_5","49","13","13","1","0.000000","0","13"
"/Game/DESCARGAS/HABITACIONES/habitacion_encuentro/minibar/source/Paint_Matte_Black_ncl_4.Paint_Matte_Black_ncl_4","49","13","13","1","0.000000","0","13"
"/Game/DESCARGAS/HABITACIONES/habitacion_encuentro/minibar/source/Paint_Matte_Black_ncl_3.Paint_Matte_Black_ncl_3","49","13","13","1","0.000000","0","13"
"/Game/DESCARGAS/HABITACIONES/habitacion_encuentro/minibar/source/Paint_Matte_Black_ncl_2.Paint_Matte_Black_ncl_2","49","13","13","1","0.000000","0","13"
"/Game/DESCARGAS/HABITACIONES/habitacion_encuentro/minibar/source/Paint_Matte_Black_ncl_1.Paint_Matte_Black_ncl_1","49","13","13","1","0.000000","0","13"
"/Game/DESCARGAS/mesa_de_luz/Vase_Glass.Vase_Glass","49","13","13","1","0.000000","0","13"
"/Game/DESCARGAS/HABITACIONES/Habitaci?n_identidad/old-man-shoes/head.head","49","8","8","1","0.000000","0","8"
"/Game/DESCARGAS/broken-glass/color_-1033803926.color_-1033803926","49","12","12","1","1.632802","0","12"
"/Game/DESCARGAS/HABITACIONES/Habitaci?n_identidad/heart-jewelry/source/Mat_7.Mat_7","49","13","13","1","0.000000","0","13"
"/Game/DESCARGAS/HABITACIONES/Habitaci?n_identidad/heart-jewelry/source/Mat_6.Mat_6","49","13","13","1","0.000000","0","13"
"/Game/DESCARGAS/HABITACIONES/Habitaci?n_identidad/heart-jewelry/source/Mat_5.Mat_5","49","13","13","1","0.000000","0","13"
"/Game/DESCARGAS/HABITACIONES/Habitaci?n_identidad/heart-jewelry/source/Mat_4.Mat_4","49","13","13","1","0.000000","0","13"
"/Game/DESCARGAS/HABITACIONES/Habitaci?n_identidad/heart-jewelry/source/Mat_3.Mat_3","49","13","13","1","0.000000","0","13"
"/Game/DESCARGAS/HABITACIONES/Habitaci?n_identidad/heart-jewelry/source/Mat_2.Mat_2","49","13","13","1","0.000000","0","13"
"/Game/DESCARGAS/HABITACIONES/habitacion_encuentro/foto_polaroid/Frame_blinn2SG.Frame_blinn2SG","49","13","13","1","0.000000","0","13"
"/Game/Movies/MP_Conflicto_Video_Mat.MP_Conflicto_Video_Mat","49","7","7","1","1.369202","0","7"
"/Game/DESCARGAS/HABITACIONES/Habitaci?n_identidad/light-brown-hair-wig/PELUCA.PELUCA","49","13","13","1","0.000000","0","13"
"/Game/Movies/MP_IdentidadM_Video_Mat.MP_IdentidadM_Video_Mat","49","7","7","1","0.000000","0","7"
"/Game/DESCARGAS/HABITACIONES/Habitaci?n_identidad/perfume-bottle/label_roughness_Mat.label_roughness_Mat","49","67","69","1","91.004005","0","0"
"/Game/DESCARGAS/broken-mug/brokenmug.brokenmug","49","13","13","1","0.000000","0","13"
"/Game/Movies/MP_Identidad_Video_Mat.MP_Identidad_Video_Mat","49","7","7","1","0.000000","0","7"
"/Game/DESCARGAS/bacha/textures/cabinet.cabinet","49","13","13","1","5.789212","0","13"
"/Game/DESCARGAS/bacha/textures/faucet.faucet","49","13","13","1","3.795312","0","13"
"/Game/DESCARGAS/ESPEJO/ESPEJO.ESPEJO","49","13","13","1","0.000000","0","13"
"/Game/dirty-light-switch/dirtyswitch.dirtyswitch","49","13","13","1","8.813156","0","13"
"/Game/DESCARGAS/HABITACIONES/habitacion_infancia/my-scene-barbie-doll/Barbie.Barbie","49","16","16","1","11.676159","0","16"
"/Game/DESCARGAS/HABITACIONES/habitacion_infancia/my-scene-barbie-doll/Barbie_Head.Barbie_Head","49","16","16","1","0.000000","0","16"
"/Game/DESCARGAS/HABITACIONES/habitacion_infancia/my-scene-barbie-doll/Boots.Boots","49","16","16","1","12.191513","0","16"
"/Game/DESCARGAS/HABITACIONES/habitacion_infancia/my-scene-barbie-doll/Clothing.Clothing","49","16","16","1","11.931017","0","16"
"/Engine/EngineSky/M_SimpleSkyDome.M_SimpleSkyDome","49","7","7","1","1.397094","0","7"
"/Game/DESCARGAS/HABITACIONES/NewMaterial.NewMaterial","49","21","23","1","0.000000","0","23"
"/Game/DESCARGAS/HABITACIONES/habitacion_infancia/my-scene-barbie-doll/Hair.Hair","49","16","16","1","11.907146","0","16"
"/Game/DESCARGAS/HABITACIONES/habitacion_infancia/my-scene-barbie-doll/Metal.Metal","49","16","16","1","11.659123","0","16"
"/Game/DESCARGAS/HABITACIONES/habitacion_infancia/my-scene-barbie-doll/Thread1.Thread1","49","16","16","1","11.901162","0","16"
"/Game/DESCARGAS/dress/source/Rib_1X1_486gsm_FRONT_2246101.Rib_1X1_486gsm_FRONT_2246101","49","13","13","1","0.000000","0","13"
"/Game/DESCARGAS/HABITACIONES/habitacion_infancia/zoologic-shelving/source/Material_019.Material_019","49","13","13","1","0.000000","0","13"
"/Game/DESCARGAS/HABITACIONES/habitacion_infancia/zoologic-shelving/source/Material_018.Material_018","49","13","13","1","0.000000","0","13"
"/Game/DESCARGAS/HABITACIONES/habitacion_infancia/zoologic-shelving/source/Material_017.Material_017","49","13","13","1","0.000000","0","13"
"/Game/DESCARGAS/HABITACIONES/habitacion_infancia/zoologic-shelving/source/Material__166.Material__166","49","13","13","1","0.000000","0","13"
"/Game/DESCARGAS/psx-style-wardrobe/source/Hanger_Bar.Hanger_Bar","49","13","13","1","0.000000","0","13"
"/Game/DESCARGAS/psx-style-wardrobe/source/Wardrobe_Door_Handle.Wardrobe_Door_Handle","49","13","13","1","0.000000","0","13"
"/Game/DESCARGAS/HABITACIONES/habitacion_infancia/teddy-bears/source/fabric_white.fabric_white","49","11","11","1","0.000000","0","11"
"/Game/DESCARGAS/RADIO/patas.patas","49","13","13","1","8.823928","0","13"
"/Game/DESCARGAS/inodoro/Button.Button","49","13","13","1","8.403739","0","13"
"/Game/DESCARGAS/inodoro/Ceramic.Ceramic","49","13","13","1","8.257898","0","13"
"/Game/DESCARGAS/inodoro/Tapa.Tapa","49","13","13","1","8.270436","0","0"
"/Game/DESCARGAS/HABITACIONES/habitacion_infancia/teddy-bears/source/eyes.eyes","49","11","11","1","0.000000","0","11"
"/Game/DESCARGAS/HABITACIONES/habitacion_infancia/teddy-bears/source/fabric_brown.fabric_brown","49","11","11","1","0.000000","0","11"
"/Game/DESCARGAS/HABITACIONES/habitacion_infancia/teddy-bears/source/Material_012.Material_012","49","11","11","1","0.000000","0","11"
"/Game/DESCARGAS/HABITACIONES/habitacion_infancia/teddy-bears/source/Nose_002.Nose_002","49","11","11","1","0.000000","0","11"
"/Game/interruptor/source/Wall_socket_black.Wall_socket_black","49","13","13","1","8.029774","0","13"
"/Game/interruptor/source/Wall_socket_white.Wall_socket_white","49","13","13","1","8.164904","0","13"
"/Game/DESCARGAS/HABITACIONES/habitacion_encuentro/refrigerator/source/reizouko.reizouko","49","13","13","1","0.000000","0","13"
"/Game/DESCARGAS/HABITACIONES/habitacion_encuentro/refrigerator/source/reizouko_ashi.reizouko_ashi","49","13","13","1","0.000000","0","13"
"/Game/DESCARGAS/HABITACIONES/habitacion_encuentro/refrigerator/source/reizouko_kazari.reizouko_kazari","49","13","13","1","0.000000","0","13"
"/Game/DESCARGAS/HABITACIONES/habitacion_encuentro/refrigerator/source/reizouko_packin.reizouko_packin","49","13","13","1","0.000000","0","13"
"/Game/DESCARGAS/HABITACIONES/Habitaci?n_identidad/3ce-face-blush-unusual-day/plastic.plastic","49","13","13","1","9.582546","0","13"
"/Game/DESCARGAS/hanging-shirt-by-camille-kleinman/source/Shirt_Dolman_Shirt_by_CG_Elves/Shirt_Dolman_39kpolys/Material1513828.Material1513828","49","15","15","1","0.000000","0","15"
"/Game/DESCARGAS/hanging-shirt-by-camille-kleinman/source/Shirt_Dolman_Shirt_by_CG_Elves/Shirt_Dolman_39kpolys/Material__166.Material__166","49","15","15","1","0.000000","0","15"
"/Game/DESCARGAS/hanging-shirt-by-camille-kleinman/source/Shirt_Dolman_Shirt_by_CG_Elves/Shirt_Dolman_39kpolys/Material__165.Material__165","49","15","15","1","0.000000","0","15"
"/Game/DESCARGAS/HABITACIONES/habitacion_encuentro/glass/source/Material_001.Material_001","49","17","17","1","0.000000","0","17"
"/Game/DESCARGAS/HABITACIONES/Habitaci?n_identidad/3ce-face-blush-mono-pink/plastic.plastic","49","13","13","1","0.000000","0","13"
"/Game/DESCARGAS/HABITACIONES/Habitaci?n_identidad/jeweled-sandal-high-heels/base_Gold.base_Gold","49","13","13","1","9.357591","0","13"
"/Game/DESCARGAS/HABITACIONES/Habitaci?n_identidad/jeweled-sandal-high-heels/diamond.diamond","49","13","13","1","9.319017","0","13"
"/Game/DESCARGAS/HABITACIONES/Habitaci?n_identidad/jeweled-sandal-high-heels/toppiece.toppiece","49","13","13","1","6.394283","0","13"
"/Game/DESCARGAS/HABITACIONES/Habitaci?n_identidad/jeweled-sandal-high-heels/zipper.zipper","49","13","13","1","8.988833","0","13"
"/Game/DESCARGAS/HABITACIONES/Habitaci?n_identidad/hair-dryer-with-diffuser/textures/BlackMatt.BlackMatt","49","13","13","1","9.634382","0","13"
"/Game/DESCARGAS/HABITACIONES/Habitaci?n_identidad/hair-dryer-with-diffuser/textures/BlackPlastic.BlackPlastic","49","13","13","1","9.192316","0","13"
"/Game/DESCARGAS/HABITACIONES/Habitaci?n_identidad/hair-dryer-with-diffuser/textures/Button.Button","49","13","13","1","9.011106","0","13"
"/Game/DESCARGAS/HABITACIONES/Habitaci?n_identidad/hair-dryer-with-diffuser/textures/Hairdryer1.Hairdryer1","49","13","13","1","0.000000","0","13"
"/Game/DESCARGAS/HABITACIONES/Habitaci?n_identidad/hair-dryer-with-diffuser/textures/Hairdryer2.Hairdryer2","49","13","13","1","9.060126","0","13"
"/Game/DESCARGAS/HABITACIONES/habitacion_infancia/sketchbook-variant-of-a-sad-child/source/Sketchbook_sadchild/sketchbook_leaf.sketchbook_leaf","49","13","13","1","0.000000","0","13"
"/Game/DESCARGAS/HABITACIONES/Habitaci?n_identidad/perfume-bottle__1_/source/FrontColor.FrontColor","49","13","13","1","8.338956","0","13"
"/Game/DESCARGAS/HABITACIONES/Habitaci?n_identidad/cosmetic-serum-bottle/Bottle_001.Bottle_001","49","13","13","1","9.297153","0","13"
"/Game/DESCARGAS/HABITACIONES/Habitaci?n_identidad/cosmetic-serum-bottle/Rubber_001.Rubber_001","49","13","13","1","8.931189","0","13"
"/Game/DESCARGAS/HABITACIONES/habitacion_encuentro/rita-floor-lamp-brass-and-marble/source/FLOOR.FLOOR","49","13","13","1","0.000000","0","13"
"/Game/DESCARGAS/HABITACIONES/Habitaci?n_identidad/woman-shoes-3d-design-exercise/Black.Black","49","13","13","1","8.932805","0","13"
"/Game/DESCARGAS/HABITACIONES/Habitaci?n_identidad/woman-shoes-3d-design-exercise/Goma_Tapa_Negro.Goma_Tapa_Negro","49","13","13","1","9.225150","0","13"
"/Game/DESCARGAS/HABITACIONES/Habitaci?n_identidad/woman-shoes-3d-design-exercise/piece-virtual_grey.piece-virtual_grey","49","13","13","1","9.010250","0","13"
"/Game/DESCARGAS/HABITACIONES/Habitaci?n_identidad/woman-shoes-3d-design-exercise/pvc.pvc","49","13","13","1","9.424426","0","13"
"/Game/DESCARGAS/HABITACIONES/Habitaci?n_identidad/woman-shoes-3d-design-exercise/red_blood.red_blood","49","13","13","1","9.223477","0","13"
"/Game/DESCARGAS/HABITACIONES/Habitaci?n_identidad/woman-shoes-3d-design-exercise/Seda_Rosa.Seda_Rosa","49","13","13","1","9.842892","0","13"
"/Game/DESCARGAS/ara?a_techo/lamp.lamp","49","13","13","1","8.536682","0","13"
"/Game/DESCARGAS/HABITACIONES/habitacion_encuentro/red-wine-glass/source/WineGlassMergDirt_upl/WineGlassMerged.WineGlassMerged","49","13","13","1","0.000000","0","13"
"/Game/DESCARGAS/LAMPARA/BOTON_ENCENDIDO.BOTON_ENCENDIDO","49","13","13","1","9.546805","0","13"
"/Game/DESCARGAS/LAMPARA/BASE_LAMPARA.BASE_LAMPARA","49","13","13","1","9.714263","0","13"
"/Game/DESCARGAS/LAMPARA/METAL_LAMPARA.METAL_LAMPARA","49","13","13","1","9.654165","0","13"
"/Game/DESCARGAS/LAMPARA/PALO_LAMPARA.PALO_LAMPARA","49","13","13","1","9.698995","0","13"
"/Game/DESCARGAS/PISOS/Piso_maderaopaca.Piso_maderaopaca","49","13","13","1","9.661639","0","13"
"/Game/DESCARGAS/HABITACIONES/habitacion_infancia/my-scene-barbie-doll/source/Barbie.Barbie","49","11","11","1","0.000000","0","11"
"/Game/DESCARGAS/HABITACIONES/habitacion_infancia/my-scene-barbie-doll/source/Barbie_Head.Barbie_Head","49","11","11","1","0.000000","0","11"
"/Game/DESCARGAS/HABITACIONES/habitacion_infancia/my-scene-barbie-doll/source/Boots.Boots","49","11","11","1","0.000000","0","11"
"/Game/DESCARGAS/HABITACIONES/habitacion_infancia/my-scene-barbie-doll/source/Clothing.Clothing","49","11","11","1","0.000000","0","11"
"/Game/DESCARGAS/HABITACIONES/habitacion_infancia/my-scene-barbie-doll/source/Hair.Hair","49","11","11","1","0.000000","0","11"
"/Game/DESCARGAS/HABITACIONES/habitacion_infancia/my-scene-barbie-doll/source/Metal.Metal","49","11","11","1","0.000000","0","11"
"/Game/DESCARGAS/HABITACIONES/habitacion_infancia/my-scene-barbie-doll/source/Thread1.Thread1","49","11","11","1","0.000000","0","11"
"/Game/DESCARGAS/HABITACIONES/habitacion_infancia/my-scene-barbie-doll/source/Thread2.Thread2","49","11","11","1","0.000000","0","11"
"/Game/MODULOS/Socalos.Socalos","49","13","13","1","8.794647","0","13"
"/Game/DESCARGAS/HABITACIONES/Habitaci?n_identidad/wrapped-flower-bouquet/textures/Sepals1.Sepals1","49","13","13","1","0.000000","0","13"
"/Game/DESCARGAS/HABITACIONES/Habitaci?n_identidad/wrapped-flower-bouquet/textures/Sepals2.Sepals2","49","13","13","1","0.000000","0","13"
"/Game/DESCARGAS/HABITACIONES/habitacion_infancia/my-scene-barbie-doll/Thread2.Thread2","49","16","16","1","6.794863","0","16"
"/Game/DESCARGAS/laptop/laptopmaterial.laptopmaterial","49","13","13","1","0.000000","0","13"
"/Game/DESCARGAS/HABITACIONES/Habitaci?n_identidad/leather-purse/purse.purse","49","13","13","1","0.000000","0","13"
"/Game/DESCARGAS/ceiling-lamp-10mb/textures/lampara.lampara","49","13","13","1","0.000000","0","13"
"/Game/Movies/MP_Infancia_Video_Mat.MP_Infancia_Video_Mat","49","7","7","1","0.000000","0","7"
"/Game/Movies/MP_Encuentro_Video_Mat.MP_Encuentro_Video_Mat","49","7","7","1","0.000000","0","7"
"/Game/DESCARGAS/HABITACIONES/Habitaci?n_identidad/3ce-face-blush-unusual-day/shade__UNUSUAL_DAY.shade__UNUSUAL_DAY","49","13","13","1","0.000000","0","13"
"/Game/DESCARGAS/HABITACIONES/Habitaci?n_identidad/3ce-face-blush-unusual-day/screw1.screw1","49","13","13","1","0.000000","0","13"
"/Game/DESCARGAS/HABITACIONES/Habitaci?n_identidad/3ce-face-blush-unusual-day/package1.package1","49","13","13","1","0.000000","0","13"
"/Game/DESCARGAS/HABITACIONES/Habitaci?n_identidad/3ce-face-blush-unusual-day/3CE61.3CE61","49","13","13","1","0.000000","0","13"
"/Game/DESCARGAS/HABITACIONES/habitacion_infancia/buzz-toy/source/BuzzBaked.BuzzBaked","49","13","13","1","0.000000","0","13"
"/Game/DESCARGAS/hanging-shirt-by-camille-kleinman/source/Shirt_Dolman_Shirt_by_CG_Elves/Shirt_Dolman_39kpolys/Material1513820.Material1513820","49","15","15","1","0.000000","0","15"
"/Game/DESCARGAS/hanging-shirt-by-camille-kleinman/source/Shirt_Dolman_Shirt_by_CG_Elves/Shirt_Dolman_39kpolys/Material1513823.Material1513823","49","15","15","1","0.000000","0","15"
"/Game/DESCARGAS/HABITACIONES/Habitaci?n_identidad/3ce-face-blush-mono-pink/3CE61.3CE61","49","13","13","1","0.000000","0","13"
"/Game/DESCARGAS/HABITACIONES/Habitaci?n_identidad/3ce-face-blush-mono-pink/package1.package1","49","13","13","1","0.000000","0","13"
"/Game/DESCARGAS/HABITACIONES/Habitaci?n_identidad/3ce-face-blush-mono-pink/screw1.screw1","49","13","13","1","0.000000","0","13"
"/Game/DESCARGAS/HABITACIONES/Habitaci?n_identidad/3ce-face-blush-mono-pink/shade__MONO_PINK.shade__MONO_PINK","49","13","13","1","0.000000","0","13"
"/Game/DESCARGAS/HABITACIONES/Habitaci?n_identidad/3ce-face-blush-mono-pink/sticker_number1.sticker_number1","49","13","13","1","0.000000","0","13"
"/Game/DESCARGAS/HABITACIONES/Habitaci?n_identidad/3ce-face-blush-mono-pink/sticker_sew1.sticker_sew1","49","13","13","1","0.000000","0","13"
"/Game/DESCARGAS/mesa_de_luz/Nightstand.Nightstand","49","13","13","1","0.000000","0","13"
"/Game/DESCARGAS/mesa_de_luz/Lamp.Lamp","49","13","13","1","10.305102","0","13"
"/Game/DESCARGAS/mesa_de_luz/Vase.Vase","49","13","13","1","0.000000","0","13"
"/Game/DESCARGAS/HABITACIONES/habitacion_encuentro/bar-with-bottles/source/etiketks.etiketks","49","13","13","1","0.000000","0","13"
"/Game/DESCARGAS/HABITACIONES/habitacion_encuentro/bar-with-bottles/source/glass.glass","49","13","13","1","0.000000","0","13"
"/Game/DESCARGAS/HABITACIONES/habitacion_encuentro/bar-with-bottles/source/glassbilel.glassbilel","49","13","13","1","0.000000","0","13"
"/Game/DESCARGAS/HABITACIONES/habitacion_encuentro/bar-with-bottles/source/kriwki.kriwki","49","13","13","1","0.000000","0","13"
"/Game/DESCARGAS/HABITACIONES/habitacion_encuentro/bar-with-bottles/source/polka.polka","49","13","13","1","0.000000","0","13"
"/Game/DESCARGAS/pile-of-clothes/source/tex_u1_v1.tex_u1_v1","49","13","13","1","0.000000","0","13"
"/Game/DESCARGAS/HABITACIONES/Habitaci?n_identidad/jeweled-sandal-high-heels/insole.insole","49","13","13","1","11.143390","0","13"
"/Game/DESCARGAS/HABITACIONES/Habitaci?n_identidad/jeweled-sandal-high-heels/outer.outer","49","13","13","1","9.152184","0","13"
"/Game/DESCARGAS/HABITACIONES/Habitaci?n_identidad/jeweled-sandal-high-heels/Outer_base_inner.Outer_base_inner","49","13","13","1","0.000000","0","13"
"/Game/DESCARGAS/HABITACIONES/Habitaci?n_identidad/jeweled-sandal-high-heels/outsole.outsole","49","13","13","1","0.000000","0","13"
"/Game/DESCARGAS/HABITACIONES/Habitaci?n_identidad/wallet/notes_2_lambert.notes_2_lambert","49","13","13","1","0.000000","0","13"
"/Game/DESCARGAS/HABITACIONES/Habitaci?n_identidad/wallet/notes_3_lambert.notes_3_lambert","49","13","13","1","0.000000","0","13"
"/Game/DESCARGAS/HABITACIONES/Habitaci?n_identidad/wallet/notes_4_lambert.notes_4_lambert","49","13","13","1","0.000000","0","13"
"/Game/DESCARGAS/HABITACIONES/Habitaci?n_identidad/wallet/wallet_blinn.wallet_blinn","49","13","13","1","9.728476","0","13"
"/Game/DESCARGAS/graffiti-statue/Material.Material","49","13","13","1","9.138754","0","13"
"/Game/DESCARGAS/HABITACIONES/Habitaci?n_identidad/perfume-bottle__1_/source/Material__318.Material__318","49","13","13","1","9.054341","0","13"
"/Game/DESCARGAS/HABITACIONES/Habitaci?n_identidad/perfume-bottle__1_/source/Material__317.Material__317","49","13","13","1","0.000000","0","13"
"/Game/DESCARGAS/HABITACIONES/Habitaci?n_identidad/perfume-bottle__1_/source/Material__316.Material__316","49","13","13","1","0.000000","0","13"
"/Game/DESCARGAS/HABITACIONES/Habitaci?n_identidad/perfume-bottle__1_/source/Material__315.Material__315","49","13","13","1","0.000000","0","13"
"/Game/DESCARGAS/HABITACIONES/Habitaci?n_identidad/perfume-bottle__1_/source/Material__314.Material__314","49","13","13","1","0.000000","0","13"
"/Game/DESCARGAS/HABITACIONES/Habitaci?n_identidad/perfume-bottle__1_/source/Material__313.Material__313","49","13","13","1","8.601077","0","13"
"/Game/DESCARGAS/HABITACIONES/Habitaci?n_identidad/perfume-bottle__1_/source/Material__311.Material__311","49","13","13","1","0.000000","0","13"
"/Game/DESCARGAS/HABITACIONES/Habitaci?n_identidad/perfume-bottle__1_/source/Material__310.Material__310","49","13","13","1","0.000000","0","13"
"/Game/DESCARGAS/HABITACIONES/Habitaci?n_identidad/perfume-bottle__1_/source/Material__309.Material__309","49","13","13","1","0.000000","0","13"
"/Game/DESCARGAS/HABITACIONES/Habitaci?n_identidad/perfume-bottle__1_/source/Material__308.Material__308","49","13","13","1","0.000000","0","13"
"/Game/DESCARGAS/HABITACIONES/Habitaci?n_identidad/perfume-bottle__1_/source/Material__306.Material__306","49","13","13","1","0.000000","0","13"
"/Game/DESCARGAS/HABITACIONES/Habitaci?n_identidad/perfume-bottle__1_/source/Material__305.Material__305","49","13","13","1","0.000000","0","13"
"/Game/DESCARGAS/HABITACIONES/habitacion_infancia/wood-closet-doors-closed/source/Closet_Closed/standardSurface1.standardSurface1","49","13","13","1","0.000000","0","13"
"/Game/DESCARGAS/HABITACIONES/Habitaci?n_identidad/dior-handbag/Metal_Mat.Metal_Mat","49","13","13","1","9.669896","0","13"
"/Game/DESCARGAS/HABITACIONES/Habitaci?n_identidad/dior-handbag/Object_2.Object_2","49","13","13","1","9.329893","0","13"
"/Game/DESCARGAS/HABITACIONES/Habitaci?n_identidad/dior-handbag/Plastic_Mat.Plastic_Mat","49","13","13","1","9.560485","0","13"
"/Game/DESCARGAS/HABITACIONES/Habitaci?n_identidad/dior-handbag/Stitches_Mat.Stitches_Mat","49","13","13","1","0.000000","0","13"
"/Game/DESCARGAS/HABITACIONES/Habitaci?n_identidad/cosmetic-serum-bottle/Material_002.Material_002","49","13","13","1","0.000000","0","13"
"/Game/DESCARGAS/wall-mirror/textures/Material_001.Material_001","49","13","13","1","0.000000","0","13"
"/Game/DESCARGAS/HABITACIONES/habitacion_infancia/box-of-toys/source/aiToon3.aiToon3","49","13","13","1","0.000000","0","13"
"/Game/DESCARGAS/HABITACIONES/habitacion_infancia/box-of-toys/source/aiToon6.aiToon6","49","13","13","1","0.000000","0","13"
"/Game/DESCARGAS/HABITACIONES/habitacion_infancia/box-of-toys/source/aiToon7.aiToon7","49","13","13","1","0.000000","0","13"
"/Game/DESCARGAS/HABITACIONES/habitacion_infancia/box-of-toys/source/aiToonBase.aiToonBase","49","13","13","1","0.000000","0","13"
"/Game/DESCARGAS/HABITACIONES/habitacion_infancia/box-of-toys/source/aiToon4.aiToon4","49","13","13","1","0.000000","0","13"
"/Game/DESCARGAS/HABITACIONES/habitacion_infancia/box-of-toys/source/aiToonetch.aiToonetch","49","13","13","1","0.000000","0","13"
"/Game/DESCARGAS/HABITACIONES/habitacion_encuentro/rita-floor-lamp-brass-and-marble/source/BRASS.BRASS","49","13","13","1","0.000000","0","13"
"/Game/DESCARGAS/HABITACIONES/habitacion_encuentro/rita-floor-lamp-brass-and-marble/source/LAMP_SHADE.LAMP_SHADE","49","13","13","1","0.000000","0","13"
"/Game/DESCARGAS/HABITACIONES/habitacion_encuentro/rita-floor-lamp-brass-and-marble/source/LIGHT_BULB.LIGHT_BULB","49","13","13","1","0.000000","0","13"
"/Game/DESCARGAS/HABITACIONES/habitacion_encuentro/rita-floor-lamp-brass-and-marble/source/MARBLE.MARBLE","49","13","13","1","0.000000","0","13"
"/Game/DESCARGAS/tv/Livingroom_TV.Livingroom_TV","49","13","13","1","0.000000","0","13"
"/Game/DESCARGAS/HABITACIONES/Habitaci?n_identidad/heart-jewelry/source/Mat_1.Mat_1","49","13","13","1","0.000000","0","13"
"/Game/DESCARGAS/HABITACIONES/Habitaci?n_identidad/heart-jewelry/source/Mat.Mat","49","13","13","1","0.000000","0","13"
"/Game/DESCARGAS/HABITACIONES/Habitaci?n_identidad/woman-shoes-3d-design-exercise/6_-_Laminado_negro.6_-_Laminado_negro","49","13","13","1","0.000000","0","13"
"/Game/DESCARGAS/HABITACIONES/Habitaci?n_identidad/woman-shoes-3d-design-exercise/black_ncl_1.black_ncl_1","49","13","13","1","0.000000","0","13"
"/Game/DESCARGAS/HABITACIONES/Habitaci?n_identidad/woman-shoes-3d-design-exercise/gold_yellow.gold_yellow","49","13","13","1","0.000000","0","13"
"/Game/DESCARGAS/HABITACIONES/Habitaci?n_identidad/woman-shoes-3d-design-exercise/leather_red.leather_red","49","13","13","1","9.263192","0","13"
"/Game/DESCARGAS/HABITACIONES/Habitaci?n_identidad/woman-shoes-3d-design-exercise/padded_geo.padded_geo","49","13","13","1","0.000000","0","13"
"/Game/DESCARGAS/HABITACIONES/Habitaci?n_identidad/woman-shoes-3d-design-exercise/scales_black_1.scales_black_1","49","13","13","1","0.000000","0","13"
"/Game/DESCARGAS/HABITACIONES/Habitaci?n_identidad/woman-shoes-3d-design-exercise/scales_black.scales_black","49","13","13","1","0.000000","0","13"
"/Game/DESCARGAS/HABITACIONES/Habitaci?n_identidad/woman-shoes-3d-design-exercise/Suela_Negro.Suela_Negro","49","13","13","1","0.000000","0","13"
"/Game/DESCARGAS/HABITACIONES/habitacion_encuentro/foto_polaroid/Frame_lambert79SG.Frame_lambert79SG","49","13","13","1","9.524771","0","13"
"/Game/DESCARGAS/HABITACIONES/habitacion_encuentro/foto_polaroid/initialShadingGroup.initialShadingGroup","49","13","13","1","9.398341","0","13"
"/Game/silla/ASIENTO.ASIENTO","49","13","13","1","0.000000","0","13"
"/Game/silla/PATAS_DE_SILLA.PATAS_DE_SILLA","49","13","13","1","0.000000","0","13"
"/Game/silla/RESPALDO.RESPALDO","49","13","13","1","9.631449","0","13"
"/Game/DESCARGAS/cama/alm_mas_chica.alm_mas_chica","49","13","13","1","8.559806","0","13"
"/Game/DESCARGAS/cama/alm_chica.alm_chica","49","13","13","1","0.000000","0","13"
"/Game/DESCARGAS/cama/cama.cama","49","13","13","1","0.000000","0","13"
"/Game/DESCARGAS/cama/2_alm.2_alm","49","13","13","1","0.000000","0","13"
"/Game/DESCARGAS/ara?a_techo/body.body","49","13","13","1","0.000000","0","13"
"/Game/DESCARGAS/LAMPARA/LAMPARA.LAMPARA","49","13","13","1","10.376032","0","13"
"/Game/DESCARGAS/wine-bottle/textures/lambert1.lambert1","49","13","13","1","0.000000","0","13"
"/Game/DESCARGAS/HABITACIONES/Habitaci?n_identidad/wrapped-flower-bouquet/textures/Ribbons1.Ribbons1","49","13","13","1","0.000000","0","13"
"/Game/DESCARGAS/HABITACIONES/Habitaci?n_identidad/wrapped-flower-bouquet/textures/Petals9.Petals9","49","13","13","1","0.000000","0","13"
"/Game/DESCARGAS/HABITACIONES/Habitaci?n_identidad/wrapped-flower-bouquet/textures/Petals8.Petals8","49","13","13","1","0.000000","0","13"
"/Game/DESCARGAS/HABITACIONES/Habitaci?n_identidad/wrapped-flower-bouquet/textures/Petals7.Petals7","49","13","13","1","0.000000","0","13"
"/Game/DESCARGAS/HABITACIONES/Habitaci?n_identidad/wrapped-flower-bouquet/textures/Petals6.Petals6","49","13","13","1","0.000000","0","13"
"/Game/DESCARGAS/HABITACIONES/Habitaci?n_identidad/wrapped-flower-bouquet/textures/Petals5.Petals5","49","13","13","1","0.000000","0","13"
"/Game/DESCARGAS/HABITACIONES/Habitaci?n_identidad/wrapped-flower-bouquet/textures/Petals3.Petals3","49","13","13","1","0.000000","0","13"
"/Game/DESCARGAS/HABITACIONES/Habitaci?n_identidad/wrapped-flower-bouquet/textures/Petals2.Petals2","49","13","13","1","0.000000","0","13"
"/Game/DESCARGAS/HABITACIONES/Habitaci?n_identidad/wrapped-flower-bouquet/textures/Petals14.Petals14","49","13","13","1","0.000000","0","13"
"/Game/DESCARGAS/HABITACIONES/Habitaci?n_identidad/wrapped-flower-bouquet/textures/Petals13.Petals13","49","13","13","1","0.000000","0","13"
"/Game/DESCARGAS/HABITACIONES/Habitaci?n_identidad/wrapped-flower-bouquet/textures/Petals12.Petals12","49","13","13","1","0.000000","0","13"
"/Game/DESCARGAS/HABITACIONES/Habitaci?n_identidad/wrapped-flower-bouquet/textures/Petals11.Petals11","49","13","13","1","0.000000","0","13"
"/Game/DESCARGAS/HABITACIONES/Habitaci?n_identidad/wrapped-flower-bouquet/textures/Petals10.Petals10","49","13","13","1","0.000000","0","13"
"/Game/DESCARGAS/HABITACIONES/Habitaci?n_identidad/wrapped-flower-bouquet/textures/Petals1.Petals1","49","13","13","1","0.000000","0","13"
"/Game/DESCARGAS/HABITACIONES/Habitaci?n_identidad/wrapped-flower-bouquet/textures/Parcel2.Parcel2","49","13","13","1","0.000000","0","13"
"/Game/DESCARGAS/HABITACIONES/Habitaci?n_identidad/wrapped-flower-bouquet/textures/Parcel1.Parcel1","49","13","13","1","0.000000","0","13"
"/Game/DESCARGAS/HABITACIONES/Habitaci?n_identidad/wrapped-flower-bouquet/textures/Leaves9.Leaves9","49","13","13","1","0.000000","0","13"
"/Game/DESCARGAS/HABITACIONES/Habitaci?n_identidad/wrapped-flower-bouquet/textures/Leaves8.Leaves8","49","13","13","1","0.000000","0","13"
"/Game/DESCARGAS/HABITACIONES/Habitaci?n_identidad/wrapped-flower-bouquet/textures/Leaves7.Leaves7","49","13","13","1","0.000000","0","13"
"/Game/DESCARGAS/HABITACIONES/Habitaci?n_identidad/wrapped-flower-bouquet/textures/Leaves6.Leaves6","49","13","13","1","0.000000","0","13"
"/Game/DESCARGAS/HABITACIONES/Habitaci?n_identidad/wrapped-flower-bouquet/textures/Leaves5.Leaves5","49","13","13","1","0.000000","0","13"
"/Game/DESCARGAS/HABITACIONES/Habitaci?n_identidad/wrapped-flower-bouquet/textures/Leaves4.Leaves4","49","13","13","1","0.000000","0","13"
"/Game/DESCARGAS/HABITACIONES/Habitaci?n_identidad/wrapped-flower-bouquet/textures/Leaves3.Leaves3","49","13","13","1","0.000000","0","13"
"/Game/DESCARGAS/HABITACIONES/Habitaci?n_identidad/wrapped-flower-bouquet/textures/Leaves2.Leaves2","49","13","13","1","0.000000","0","13"
"/Game/DESCARGAS/HABITACIONES/Habitaci?n_identidad/wrapped-flower-bouquet/textures/Leaves10.Leaves10","49","13","13","1","0.000000","0","13"
"/Game/DESCARGAS/HABITACIONES/Habitaci?n_identidad/wrapped-flower-bouquet/textures/Leaves1.Leaves1","49","13","13","1","0.000000","0","13"
"/Game/DESCARGAS/HABITACIONES/Habitaci?n_identidad/wrapped-flower-bouquet/textures/SmallPlants1.SmallPlants1","49","13","13","1","0.000000","0","13"
"/Game/DESCARGAS/HABITACIONES/Habitaci?n_identidad/wrapped-flower-bouquet/textures/SmallPlants2.SmallPlants2","49","13","13","1","0.000000","0","13"
"/Game/DESCARGAS/HABITACIONES/Habitaci?n_identidad/wrapped-flower-bouquet/textures/SmallPlants3.SmallPlants3","49","13","13","1","0.000000","0","13"
"/Game/DESCARGAS/HABITACIONES/habitacion_encuentro/whisky/source/Material_002.Material_002","49","13","13","1","0.000000","0","13"
"/Game/DESCARGAS/HABITACIONES/habitacion_encuentro/whisky/source/Material_001.Material_001","49","13","13","1","0.000000","0","13"
"/Game/DESCARGAS/HABITACIONES/habitacion_encuentro/whisky/source/Material_003.Material_003","49","13","13","1","0.000000","0","13"
"/Game/DESCARGAS/psx-style-wardrobe/source/Wardrobe.Wardrobe","49","13","13","1","0.000000","0","13"
